latitude,longitude,month,day_of_year,prev_concentration,sst,air_temperature,wind_speed,wind_direction,current_speed,wave_height,target_concentration
-66.49,-170.996,5,126,36.1,-0.06,-10.1,38.0,31.3,0.82,0.45,36.2
-68.904,-170.447,4,333,46.7,-0.58,-14.4,15.3,312.9,1.39,0.79,47.5
-72.998,-102.487,6,53,62.2,-1.35,-18.6,27.3,290.6,1.34,1.53,64.3
-71.186,18.735,11,317,65.0,-0.94,-20.5,7.6,238.1,1.41,2.49,67.0
-62.403,-43.155,8,326,48.7,0.16,-8.7,29.8,252.7,1.26,0.51,49.4
-68.385,-91.868,8,195,57.3,-0.21,-14.4,13.1,116.7,1.41,0.41,58.8
-63.509,-35.581,2,109,26.0,0.25,-3.9,12.9,179.7,1.6,2.91,25.6
-75.487,88.196,9,135,88.7,-1.49,-24.9,18.4,359.0,0.34,0.77,90.8
-62.5,-124.977,3,349,14.7,0.09,-5.4,41.9,190.5,1.75,4.22,14.1
-65.027,65.416,9,137,54.3,-0.09,-12.6,10.9,1.2,1.33,2.24,55.9
-64.285,2.765,2,321,16.3,0.19,-5.8,10.7,274.5,1.02,3.8,16.7
-77.99,-63.304,1,58,76.4,-1.57,-23.3,16.4,20.9,1.59,1.9,77.2
-69.252,-155.083,9,65,55.5,-0.6,-16.5,14.8,314.1,0.82,0.84,56.6
-64.861,-107.586,5,205,46.1,0.11,-9.7,24.2,43.6,0.48,1.35,46.8
-73.858,-100.722,2,363,54.8,-1.39,-16.8,36.8,25.5,0.5,2.09,55.5
-75.618,156.785,10,296,78.5,-1.3,-22.6,12.0,34.9,0.83,0.91,80.0
-64.877,62.411,11,51,27.5,0.16,-6.9,9.0,69.0,1.01,0.93,27.3
-69.673,134.815,2,227,44.4,-0.43,-17.4,29.1,194.6,0.13,0.61,46.0
-73.745,-33.691,8,110,87.1,-0.97,-26.0,5.1,140.6,1.68,1.21,88.4
-65.461,82.982,9,339,54.7,-0.27,-13.2,40.8,208.5,1.02,2.31,54.7
-67.485,1.026,9,81,48.2,-0.33,-11.6,7.5,24.5,1.57,1.51,49.7
-67.746,28.411,1,318,25.3,-0.28,-11.2,16.7,93.9,1.24,1.63,25.6
-75.644,52.38,8,162,94.7,-1.21,-29.9,28.0,202.7,0.27,0.67,96.6
-75.616,-54.357,2,126,55.4,-1.67,-19.8,31.0,220.2,1.78,2.03,55.9
-63.292,-72.224,11,54,39.8,0.02,-10.1,9.0,199.2,0.56,2.36,40.8
-74.335,48.326,5,259,67.6,-1.05,-19.6,8.4,152.5,0.57,0.23,69.4
-66.532,-85.696,12,227,35.8,-0.25,-14.6,7.8,317.9,1.64,2.26,37.3
-67.515,-126.686,3,22,29.1,-0.1,-9.1,36.8,323.6,0.46,1.32,28.9
-63.958,138.288,7,318,50.3,0.41,-11.6,11.0,288.0,0.4,1.49,50.4
-61.359,101.659,7,343,43.9,0.7,-7.8,34.1,38.9,1.58,3.04,43.8
-63.301,-14.291,5,117,25.5,0.34,-7.9,15.3,25.0,1.41,1.78,26.0
-65.769,123.718,6,15,38.5,0.18,-14.0,40.6,95.6,0.28,1.82,39.7
-72.354,38.235,9,60,71.0,-0.97,-23.1,31.2,0.6,1.67,1.3,72.9
-64.645,61.426,6,221,33.9,0.15,-11.2,16.6,305.3,1.32,1.44,34.2
-70.649,-35.136,5,284,48.0,-0.83,-13.8,30.1,325.0,1.15,1.2,49.0
-77.993,-76.711,7,297,94.2,-1.91,-29.5,30.0,184.0,1.45,1.14,96.6
-66.141,-77.837,11,325,42.9,-0.4,-7.4,13.7,111.8,1.47,0.79,42.6
-60.289,40.059,2,234,5.3,0.74,-3.6,30.8,178.0,0.51,3.61,4.5
-64.483,97.217,2,218,15.3,0.26,-5.4,22.2,200.7,1.66,0.97,14.9
-69.636,11.207,9,305,60.6,-0.49,-17.9,35.2,321.1,0.83,2.49,61.6
-75.135,130.138,8,133,89.5,-1.2,-27.1,33.8,174.5,0.51,0.69,91.7
-73.779,-59.095,9,42,70.8,-1.37,-21.6,31.1,23.1,0.79,1.32,72.1
-74.277,-28.748,10,357,65.0,-1.05,-22.6,22.6,339.4,0.61,1.12,67.2
-62.957,13.759,12,280,28.9,0.53,-5.8,15.1,174.8,0.76,2.92,29.7
-64.965,122.582,3,319,25.1,0.25,-7.1,29.5,30.2,0.83,3.82,24.9
-73.317,-62.153,8,168,75.1,-0.92,-24.5,40.2,151.8,1.52,1.07,77.1
-77.062,162.691,4,333,61.2,-1.4,-29.0,6.1,89.0,1.53,1.77,62.6
-69.476,-138.82,4,239,48.6,-0.46,-17.4,27.5,269.3,0.29,2.73,50.5
-76.054,-170.756,5,295,77.1,-1.25,-25.6,31.5,27.4,1.27,1.3,78.1
-64.095,126.106,10,62,46.6,0.17,-12.7,24.7,238.1,0.22,2.29,46.5
-70.439,-3.527,7,186,69.6,-0.55,-16.9,21.1,264.2,1.74,0.78,71.2
-68.313,-5.941,7,304,55.2,-0.24,-12.9,8.2,317.4,0.51,1.52,56.2
-71.178,-169.668,6,94,64.0,-0.94,-20.8,15.3,214.6,1.6,1.53,65.4
-74.561,-93.112,7,251,81.8,-1.48,-24.4,31.3,161.3,0.13,0.63,83.3
-73.621,59.026,6,243,73.5,-1.29,-18.3,25.4,126.7,0.87,0.79,74.3
-65.017,-66.403,12,275,38.7,0.12,-11.1,32.3,99.5,1.1,2.91,39.5
-60.351,119.746,5,117,18.4,0.53,-1.3,9.7,16.4,0.19,1.66,19.2
-66.518,91.005,2,7,29.2,-0.22,-10.3,11.8,18.5,1.7,2.19,30.4
-70.787,-153.33,11,352,47.0,-1.01,-17.0,16.2,357.8,0.3,2.63,48.3
-63.767,-98.753,9,195,43.7,0.14,-6.4,41.6,109.9,1.16,2.26,44.5
-60.943,-105.196,4,136,19.4,0.36,-5.5,7.8,1.0,0.87,2.91,19.3
-73.833,74.504,12,233,50.5,-1.38,-22.7,34.3,212.3,1.47,0.86,51.3
-73.953,-126.364,5,73,57.9,-1.44,-23.4,32.7,204.9,0.59,0.58,59.8
-65.405,159.363,9,277,50.0,-0.3,-15.2,21.0,116.0,0.53,0.56,51.8
-62.953,27.072,1,345,24.1,0.34,-3.0,11.5,186.8,0.85,1.51,25.1
-70.154,113.128,2,241,36.8,-0.81,-13.5,36.7,118.7,1.28,1.35,38.5
-63.356,18.035,8,46,41.5,0.13,-5.1,20.0,185.3,1.78,2.48,41.9
-70.562,-112.47,6,319,67.3,-0.69,-16.0,12.5,197.7,1.68,1.18,68.7
-75.814,170.333,10,123,83.9,-1.61,-29.2,20.1,80.9,1.53,0.32,86.6
-66.341,-124.57,12,150,34.3,-0.32,-7.8,41.3,87.7,1.04,1.73,35.6
-68.852,136.557,2,142,41.0,-0.32,-14.3,34.1,96.2,0.1,2.72,42.5
-67.561,57.579,3,229,33.9,-0.44,-11.1,25.1,163.9,0.65,1.04,35.0
-67.708,-95.918,7,23,54.2,-0.39,-11.4,19.1,355.8,1.45,2.06,54.3
-60.633,-134.551,10,170,36.5,0.84,-4.7,24.5,164.5,1.33,1.77,37.0
-75.221,-10.983,5,174,73.2,-1.48,-27.0,17.2,242.8,1.01,2.06,75.2
-62.026,-4.339,9,19,41.2,0.26,-5.4,15.6,81.9,0.25,3.54,42.0
-65.33,-143.817,3,356,21.6,-0.32,-9.8,7.1,129.0,0.83,1.41,22.1
-65.728,-115.18,3,41,29.2,-0.17,-7.5,23.4,209.9,0.49,2.79,29.6
-65.997,143.607,8,148,57.5,-0.34,-13.0,17.8,211.5,1.19,1.37,57.9
-62.785,-108.282,7,248,33.5,0.24,-9.0,15.9,251.7,0.14,3.35,33.8
-77.854,131.424,12,26,80.7,-1.63,-23.8,38.4,279.3,0.49,1.48,81.8
-74.578,-89.774,12,338,65.2,-1.54,-25.1,28.2,14.2,1.44,0.3,66.6
-75.635,147.466,6,213,72.6,-1.69,-24.8,40.9,191.1,1.65,1.84,73.9
-63.156,-6.535,5,174,36.6,0.24,-10.3,32.9,81.2,1.25,2.69,37.0
-62.777,20.633,2,203,5.5,0.34,-5.0,29.9,242.0,1.09,4.4,6.6
-76.05,-95.824,1,318,69.1,-1.49,-20.0,13.2,22.8,1.5,2.14,70.1
-70.651,-129.68,1,156,53.3,-1.01,-17.9,24.9,139.9,0.73,2.92,54.8
-68.277,31.443,12,80,48.3,-0.36,-10.5,27.8,338.1,0.58,2.36,48.5
-69.995,-94.999,6,51,69.9,-0.77,-14.0,28.9,21.8,0.57,2.23,71.6
-63.165,-146.998,4,329,26.3,0.54,-9.6,17.3,356.0,1.44,1.19,27.4
-68.024,31.098,4,169,45.2,-0.24,-12.0,15.3,354.3,1.78,2.0,46.5
-76.021,131.921,3,8,58.4,-1.35,-22.5,5.6,95.5,0.32,1.34,59.2
-76.856,-18.621,6,263,85.1,-1.67,-29.0,27.8,261.8,1.64,1.1,86.7
-66.42,-168.786,8,206,53.9,-0.43,-11.5,21.4,323.7,0.65,0.68,54.0
-66.762,30.731,12,167,33.2,-0.18,-12.7,23.7,154.9,1.45,0.78,34.3
-62.201,18.481,4,221,19.4,0.23,-6.0,21.8,149.8,0.26,2.21,20.0
-71.263,-125.05,8,35,63.4,-1.11,-20.4,32.5,134.2,0.32,0.38,65.6
-67.89,61.205,7,182,65.9,-0.13,-15.6,38.9,18.5,0.59,0.93,66.1
-68.867,-124.297,8,115,70.5,-0.62,-16.1,9.3,100.3,0.48,1.09,71.7
-64.186,43.821,11,330,35.1,0.18,-7.1,30.7,10.4,0.56,3.05,36.3
-71.682,-114.694,3,290,50.0,-1.18,-15.3,41.0,33.0,1.0,1.39,51.0
-75.167,-67.811,6,291,79.5,-1.18,-27.2,32.9,17.9,0.24,0.92,81.1
-67.073,-30.894,4,263,28.9,-0.32,-13.2,30.1,175.2,1.23,0.55,29.5
-67.212,-177.233,5,109,49.4,-0.14,-14.2,9.4,179.1,0.83,0.67,50.3
-73.858,21.14,11,182,57.6,-1.01,-25.4,5.7,331.6,1.57,1.76,59.4
-65.229,-29.63,2,208,13.8,-0.13,-5.6,27.9,299.5,1.66,0.83,14.8
-73.62,31.994,9,41,75.4,-1.31,-24.2,17.3,60.5,0.97,0.4,77.0
-61.693,-54.225,12,331,24.9,0.31,-6.8,12.3,216.9,1.39,2.99,24.7
-64.089,-2.118,10,297,39.6,0.39,-8.5,28.5,224.8,1.57,2.44,39.4
-76.771,-20.805,5,141,77.7,-1.72,-29.2,22.1,13.5,0.73,0.68,79.9
-60.407,-147.493,10,260,26.0,0.69,-0.3,32.3,14.8,1.65,2.63,25.4
-67.11,0.492,1,231,23.6,-0.05,-12.1,31.4,181.6,0.39,1.4,24.2
-70.09,8.189,3,187,39.0,-0.83,-15.7,17.5,215.2,1.44,2.52,39.3
-76.299,64.217,5,130,78.8,-1.47,-21.9,37.3,120.0,1.09,0.41,80.0
-60.581,71.453,7,67,36.0,0.88,-6.3,18.9,285.0,1.48,2.7,36.9
-64.702,66.749,9,48,50.7,0.0,-11.7,18.4,64.9,0.46,3.03,51.4
-73.922,-130.476,2,152,59.3,-1.47,-17.9,35.9,318.1,0.16,1.1,61.0
-75.641,-44.381,3,93,66.6,-1.31,-20.2,11.1,157.6,0.8,1.73,67.5
-70.004,-77.426,12,230,41.0,-0.85,-11.8,34.0,325.4,0.43,2.56,41.9
-70.069,96.998,7,258,66.2,-0.42,-15.5,34.6,49.8,0.53,1.66,67.9
-68.018,-143.068,9,64,54.6,-0.26,-17.0,38.5,53.0,0.84,2.85,55.2
-69.88,-54.149,1,213,31.9,-0.67,-16.8,41.8,135.0,0.15,3.78,33.6
-66.301,104.897,3,20,24.6,0.02,-8.2,10.1,254.0,0.86,0.42,24.3
-73.393,120.587,9,312,77.3,-1.39,-24.3,16.1,17.2,0.81,1.59,78.8
-76.005,145.853,10,275,70.7,-1.51,-27.7,10.3,154.5,1.15,0.7,72.4
-66.041,-149.179,6,35,56.2,-0.11,-9.5,23.8,7.3,1.58,0.38,56.6
-71.281,89.034,6,35,61.5,-0.73,-18.0,33.5,264.7,0.67,0.35,62.8
-63.357,-116.968,11,238,40.8,0.22,-9.7,10.0,257.8,1.7,0.45,40.8
-63.76,138.885,6,159,39.8,0.47,-8.3,14.4,271.2,0.42,1.53,40.7
-62.416,-60.507,2,189,12.8,0.3,-4.6,40.4,122.1,0.42,3.54,12.8
-63.649,-83.981,2,218,9.7,0.25,-3.2,25.2,115.6,0.24,3.5,9.5
-67.153,-26.598,12,228,33.9,-0.57,-8.6,18.0,359.3,0.57,3.87,35.3
-76.649,49.505,6,263,88.5,-1.5,-22.9,10.3,218.7,1.43,0.18,89.3
-63.987,-48.122,7,291,36.1,-0.06,-10.0,18.7,159.8,0.23,0.83,36.5
-72.341,-79.672,2,14,51.9,-1.01,-18.8,25.8,94.2,0.54,1.55,54.0
-72.86,149.932,8,103,69.3,-0.87,-22.5,38.3,160.2,0.25,1.65,71.4
-72.247,-54.927,2,282,47.7,-0.77,-14.9,31.3,333.8,1.18,2.69,48.7
-75.815,-107.647,3,122,66.4,-1.78,-22.5,18.6,289.3,1.04,1.59,67.2
-72.433,179.854,12,246,55.0,-0.87,-16.3,7.7,350.1,1.19,1.49,56.4
-71.799,136.066,9,328,73.2,-0.78,-23.4,23.6,312.6,1.51,1.21,74.3
-75.085,156.506,4,178,72.2,-1.38,-24.3,7.9,70.7,1.73,0.75,74.0
-66.94,-146.366,11,87,45.0,-0.22,-14.8,28.1,324.7,0.67,3.2,45.1
-62.452,-150.76,11,296,23.5,0.19,-5.3,27.9,10.9,1.61,2.6,24.1
-72.562,-91.844,11,208,57.8,-1.3,-23.5,21.3,174.3,0.45,1.83,59.0
-65.069,84.312,6,205,36.5,-0.08,-9.9,16.8,167.9,0.55,1.21,36.4
-72.776,-41.706,10,215,64.6,-0.86,-23.8,17.1,208.0,0.63,1.99,66.1
-68.735,-0.447,5,255,39.6,-0.25,-14.6,40.8,77.5,0.7,0.5,40.5
-62.118,55.534,8,147,41.8,0.61,-7.7,37.7,261.9,1.4,1.52,42.0
-67.735,-109.924,9,148,49.4,-0.37,-12.6,15.3,356.1,1.26,0.64,51.1
-70.91,106.163,6,286,72.1,-0.66,-20.9,23.8,180.0,0.18,0.47,73.1
-69.473,-15.484,10,264,51.4,-0.36,-18.0,19.5,221.9,1.53,1.98,52.5
-68.825,-3.655,10,154,55.9,-0.82,-17.0,9.1,150.0,0.62,2.67,57.7
-66.673,34.887,5,336,47.9,-0.06,-11.1,31.7,210.1,0.39,2.19,48.8
-62.859,-126.801,11,125,20.2,0.57,-9.6,5.7,112.9,0.36,3.29,20.5
-64.05,151.388,12,32,30.6,0.15,-6.8,41.9,172.2,0.74,3.94,30.9
-68.404,16.658,11,349,50.9,-0.35,-13.3,12.1,88.7,1.05,0.94,52.6
-72.643,-75.959,4,354,59.2,-1.17,-20.4,39.5,286.3,0.56,0.56,60.9
-71.166,172.858,6,75,60.0,-0.98,-17.2,17.8,159.3,0.54,1.45,60.6
-68.306,155.889,12,140,33.4,-0.38,-12.5,14.0,241.1,1.0,2.66,33.4
-70.561,78.249,2,349,46.6,-1.06,-15.0,39.4,146.5,1.69,2.99,47.6
-74.41,167.009,6,147,78.0,-1.06,-26.7,26.2,192.7,1.33,1.81,80.5
-74.849,137.608,3,19,67.3,-1.42,-21.6,39.7,346.4,1.67,2.14,67.9
-67.777,-141.372,6,146,52.0,-0.3,-14.0,37.9,48.3,0.96,1.06,53.4
-72.048,83.203,11,132,64.5,-1.26,-20.5,15.9,242.8,0.43,1.64,66.1
-70.701,-26.027,6,45,60.7,-1.03,-14.4,22.7,336.9,0.11,1.19,61.6
-73.194,-61.335,10,294,61.2,-1.04,-20.2,7.3,42.6,0.62,1.24,62.5
-61.888,73.281,5,354,18.6,0.69,-6.8,27.7,78.9,0.33,1.07,19.4
-67.097,-30.296,9,242,60.9,-0.1,-11.3,33.2,244.9,1.11,2.19,61.6
-68.493,-49.757,10,58,46.5,-0.45,-15.1,26.2,53.9,0.66,1.9,46.8
-74.303,29.933,2,262,52.6,-1.55,-23.6,20.4,203.0,1.05,2.17,53.9
-77.608,-88.395,1,112,68.1,-2.02,-26.7,7.4,357.9,1.69,0.37,70.7
-77.429,-32.808,3,329,75.5,-1.63,-25.8,41.7,137.7,1.58,1.87,77.0
-65.711,58.245,9,69,54.2,-0.18,-14.5,24.9,190.4,1.34,0.88,54.2
-77.591,-72.589,11,279,77.1,-1.82,-29.1,22.0,55.8,0.42,1.74,79.5
-77.42,57.671,10,9,79.9,-1.98,-26.8,21.5,241.9,1.58,0.58,80.9
-70.099,14.314,1,72,41.6,-0.83,-12.5,32.1,114.8,1.12,2.52,42.1
-72.568,-128.426,11,267,56.3,-1.17,-23.5,40.1,316.7,1.65,1.93,57.7
-69.079,170.024,11,344,47.9,-0.55,-13.5,20.1,108.0,0.41,1.92,48.3
-73.944,128.715,3,238,62.7,-1.2,-16.6,25.6,48.3,0.51,0.72,64.1
-61.4,124.968,2,275,15.2,0.32,-4.5,29.9,217.1,1.59,1.26,15.9
-64.963,21.186,8,107,57.9,-0.09,-7.5,5.6,337.4,1.74,0.56,59.3
-69.379,-92.666,10,361,52.4,-0.35,-16.0,33.7,137.0,1.01,1.29,53.0
-68.769,-0.98,2,241,40.5,-0.63,-15.3,16.6,16.5,1.57,2.79,40.6
-68.04,30.251,12,214,35.7,-0.6,-15.0,26.1,88.5,1.04,3.67,36.4
-64.26,-4.096,12,329,32.0,0.08,-5.7,18.0,50.4,1.03,1.04,33.0
-60.174,164.605,9,18,39.5,0.42,-1.7,6.8,2.3,0.33,2.45,38.8
-75.281,-101.261,8,192,76.1,-1.34,-22.0,38.8,237.3,0.13,1.16,77.4
-77.699,79.989,9,147,81.5,-1.57,-27.2,34.8,327.5,0.28,0.31,82.7
-74.545,9.524,6,137,81.4,-1.57,-19.9,22.0,87.6,1.29,0.64,83.4
-76.549,177.003,11,17,67.0,-1.67,-25.1,7.1,3.4,0.39,1.32,68.6
-63.881,23.708,2,271,27.3,-0.0,-2.9,30.6,204.0,0.56,3.96,27.8
-72.953,15.491,11,17,56.8,-0.89,-24.4,12.7,51.9,1.5,2.43,59.1
-72.613,23.025,10,200,72.6,-1.03,-21.8,32.4,284.6,1.27,0.35,74.5
-71.775,-144.833,4,39,49.1,-0.77,-14.3,19.7,278.5,0.15,1.1,50.9
-69.169,-51.908,7,222,56.4,-0.52,-17.7,33.6,106.3,0.52,0.46,57.1
-71.16,102.201,3,200,41.4,-1.09,-20.4,16.4,129.6,0.56,0.76,42.2
-69.921,19.706,7,53,55.7,-0.77,-21.1,27.1,116.8,0.75,1.05,56.9
-76.475,144.409,4,293,68.3,-1.48,-27.2,15.0,96.6,0.35,0.58,69.7
-72.604,101.76,6,129,77.9,-0.92,-20.9,27.8,164.8,0.33,0.19,79.1
-62.851,-43.24,6,226,33.2,0.49,-4.5,41.0,49.0,0.65,3.79,32.9
-72.345,167.247,6,150,72.8,-0.93,-16.8,33.9,117.3,0.58,1.74,73.7
-61.223,-108.072,9,93,39.8,0.56,-2.1,22.1,255.0,0.85,1.31,40.2
-63.259,106.436,7,345,43.0,0.33,-10.6,29.4,257.5,1.44,0.56,44.5
-69.374,-35.71,9,355,61.7,-0.88,-13.3,31.0,292.4,1.11,2.46,61.9
-73.532,59.29,3,332,55.2,-1.14,-18.6,28.9,348.1,0.66,2.42,55.7
-76.225,-100.08,12,266,68.2,-1.44,-26.4,18.8,166.7,1.26,1.71,69.3
-60.041,-6.202,5,213,28.5,0.45,0.1,32.0,125.4,0.68,3.37,28.5
-71.731,-144.856,12,357,51.2,-1.19,-21.6,31.3,8.1,0.68,0.6,53.2
-61.261,86.576,9,90,37.4,0.42,-6.4,22.1,287.2,1.17,0.99,38.0
-70.88,85.46,4,231,51.1,-0.88,-15.1,12.6,270.8,1.47,0.47,51.4
-62.304,-112.694,6,101,33.8,0.24,-3.7,24.5,230.1,1.11,2.55,34.1
-71.737,124.386,10,89,72.4,-0.81,-21.3,27.7,30.5,0.33,0.43,73.4
-74.705,69.637,9,199,79.5,-1.56,-25.4,11.9,228.8,1.28,1.26,82.1
-68.012,-3.729,3,96,30.9,-0.44,-15.7,18.3,3.5,0.33,3.4,32.7
-68.902,-1.811,11,252,48.0,-0.33,-15.0,8.1,11.1,1.39,1.18,48.5
-68.323,-119.445,8,290,66.6,-0.3,-15.4,9.2,41.1,1.42,2.05,67.3
-63.193,-165.02,12,226,24.6,0.55,-9.2,35.7,270.5,0.61,4.37,25.0
-71.726,114.022,8,61,78.6,-1.09,-18.1,26.8,126.2,1.31,1.26,79.2
-75.494,-105.617,4,31,66.0,-1.43,-22.4,11.2,352.4,0.6,1.51,68.3
-68.741,144.056,2,70,44.4,-0.34,-9.5,41.7,312.1,0.32,3.04,44.6
-65.195,118.253,11,202,37.1,0.02,-11.6,20.3,162.7,1.18,3.39,37.1
-68.719,-79.839,6,233,65.1,-0.61,-19.5,33.6,263.8,1.34,1.28,66.6
-71.552,-157.201,9,204,65.0,-0.95,-22.4,14.9,298.2,0.67,1.55,66.6
-69.264,-56.254,11,25,41.8,-0.51,-12.7,5.6,334.6,0.37,1.81,43.5
-70.3,178.45,3,333,38.2,-0.51,-12.3,8.5,129.8,0.24,2.61,39.3
-77.068,45.218,12,359,75.0,-1.71,-28.6,8.5,76.8,0.23,1.3,77.0
-69.989,-177.097,6,62,70.1,-0.73,-20.2,7.6,137.9,1.34,0.42,71.1
-62.142,-130.633,3,329,24.9,0.19,-3.7,5.3,234.0,0.85,3.26,25.3
-75.275,-31.784,11,227,78.1,-1.67,-26.9,32.8,212.2,0.75,1.86,79.6
-75.483,-80.292,2,128,58.7,-1.39,-21.4,33.8,248.6,1.54,1.94,59.8
-68.681,3.428,12,201,37.8,-0.77,-10.5,40.3,178.2,0.29,2.05,38.7
-68.491,171.971,6,163,47.9,-0.26,-14.6,18.5,245.9,1.4,3.17,49.3
-77.7,-155.688,5,111,69.8,-2.02,-24.8,23.7,226.3,0.95,1.08,71.9
-76.516,13.163,10,79,77.6,-1.71,-26.2,12.5,290.9,1.01,0.87,79.6
-62.979,65.18,2,159,19.9,0.42,-2.1,7.1,31.0,0.84,2.31,20.2
-72.433,87.01,12,90,46.8,-0.9,-17.3,11.1,343.1,0.99,2.69,48.3
-74.995,-134.305,5,61,75.4,-1.67,-20.9,15.1,23.0,1.31,1.26,76.1
-69.806,-50.355,8,291,60.0,-0.87,-15.7,38.1,242.7,0.3,2.1,60.2
-62.544,-175.576,1,242,13.6,0.6,-7.1,40.5,12.7,1.47,3.61,14.2
-73.959,-90.625,12,164,55.0,-1.49,-22.0,23.6,324.7,0.4,2.45,57.4
-60.827,-155.186,8,145,42.2,0.47,-8.7,21.9,132.8,0.6,2.87,43.1
-73.633,-47.421,8,101,84.1,-1.17,-20.8,10.6,335.7,0.14,0.96,85.7
-65.518,-176.546,6,1,50.6,-0.14,-9.1,16.4,73.9,1.77,1.5,52.0
-60.494,-128.746,5,48,12.5,0.47,-0.4,20.3,322.4,0.88,3.8,12.6
-68.902,49.398,7,39,63.6,-0.8,-15.1,9.8,105.0,1.55,2.41,64.4
-63.026,-62.549,8,140,38.8,0.55,-11.4,33.5,39.2,0.28,1.86,39.1
-75.827,-51.017,4,232,61.9,-1.64,-26.6,10.8,247.0,1.5,1.93,62.9
-62.953,-61.994,2,365,10.8,0.2,-4.7,30.1,93.7,1.78,0.6,10.9
-69.86,89.308,4,49,45.1,-0.49,-18.2,5.4,298.9,1.77,0.72,46.8
-71.3,46.907,11,44,59.3,-1.01,-15.7,5.8,23.2,1.63,1.37,59.7
-61.709,118.568,6,63,23.6,0.44,-8.4,26.2,295.8,0.77,0.52,24.4
-74.889,-102.702,3,141,53.1,-1.14,-25.4,27.9,88.5,0.6,1.43,54.9
-76.902,-79.281,3,215,58.2,-1.42,-24.3,28.3,288.8,1.45,2.81,60.3
-71.536,16.026,8,177,80.7,-0.9,-21.2,11.7,114.8,0.47,1.63,82.6
-76.945,176.951,9,184,93.9,-1.35,-23.8,8.7,236.5,0.55,1.0,96.2
-76.994,178.701,4,295,76.6,-1.48,-26.4,36.1,304.3,0.4,1.25,78.9
-65.443,149.033,1,361,30.0,0.21,-8.0,25.8,67.8,1.78,3.68,30.4
-72.437,-3.443,2,29,42.1,-1.2,-17.8,5.0,330.4,0.44,0.75,43.7
-61.462,123.942,6,31,22.3,0.55,-2.1,33.7,304.7,1.56,4.32,22.1
-61.045,-37.586,2,173,5.5,0.34,-4.9,40.1,285.1,1.73,3.57,5.2
-60.563,69.682,10,183,23.3,0.68,-6.8,16.4,247.9,0.32,3.34,24.4
-60.923,-39.023,10,17,23.7,0.46,-2.2,27.6,230.3,0.28,2.39,23.5
-76.599,-55.148,6,86,85.1,-1.33,-23.9,29.8,262.5,0.67,0.16,86.2
-65.523,-53.827,2,1,15.4,-0.1,-9.1,11.2,149.0,1.6,1.97,15.7
-63.081,103.943,10,334,42.4,0.11,-8.0,34.6,12.0,0.13,1.17,42.2
-71.847,139.655,3,39,48.3,-0.71,-20.7,27.0,220.9,0.92,0.39,50.4
-75.03,140.311,3,28,50.0,-1.56,-24.3,30.8,259.9,1.34,1.07,51.3
-73.724,-162.131,10,282,79.5,-1.41,-23.5,20.8,106.0,1.23,1.18,80.5
-77.537,-118.5,5,42,77.9,-1.97,-24.6,22.4,322.2,0.55,1.3,79.4
-71.322,-42.68,3,229,36.5,-0.91,-18.6,36.0,203.1,0.36,2.77,37.0
-65.973,110.945,7,302,46.6,-0.39,-13.2,24.3,347.6,1.27,3.17,47.6
-73.758,-72.413,7,18,78.0,-0.97,-20.7,30.1,223.3,0.3,1.5,78.8
-60.281,169.979,4,65,4.8,0.41,-0.6,12.5,296.1,0.35,3.34,4.5
-64.912,110.644,2,199,23.5,0.05,-4.7,24.2,330.2,0.12,3.22,23.9
-63.93,-139.493,3,76,22.3,0.2,-2.7,8.7,38.0,1.43,3.61,23.1
-62.158,136.042,5,197,30.3,0.44,-5.7,11.4,145.1,1.15,2.92,30.4
-70.876,136.425,12,122,40.2,-0.83,-18.6,18.8,121.6,1.45,1.37,42.0
-62.552,66.547,4,69,17.5,0.49,-3.0,16.9,262.4,1.13,0.81,17.5
-61.558,-33.419,8,265,46.5,0.68,-6.3,10.9,112.0,0.96,0.72,47.4
-62.172,-169.579,4,103,27.0,0.25,-5.0,39.0,253.7,0.57,3.58,27.3
-66.563,-135.406,1,124,27.2,-0.16,-12.7,37.2,211.3,0.69,1.02,28.7
-64.519,67.986,5,15,32.8,-0.13,-8.2,40.7,308.6,1.2,2.83,32.9
-70.629,-172.781,11,5,54.9,-1.0,-19.9,34.6,80.6,1.13,2.83,56.6
-65.231,-80.864,7,179,48.7,-0.2,-12.9,24.3,224.5,1.09,0.32,50.4
-60.603,122.176,9,332,36.0,0.49,-3.4,22.8,121.1,0.57,1.49,35.7
-66.19,162.788,11,153,34.4,-0.15,-13.2,7.1,308.6,1.48,1.8,34.9
-75.481,-170.836,8,152,80.8,-1.5,-26.6,6.3,254.9,1.07,0.47,83.0
-73.997,12.469,8,344,77.8,-1.36,-26.3,29.3,201.0,0.6,1.0,80.0
-64.947,21.251,3,349,32.4,0.11,-10.1,13.3,313.7,0.81,3.6,32.8
-67.46,-13.046,2,241,21.9,-0.26,-10.5,28.0,170.0,0.43,0.9,22.9
-68.463,-31.281,3,71,45.9,-0.57,-8.8,38.0,355.2,0.34,2.97,45.9
-76.545,-60.253,3,161,65.7,-1.9,-25.8,33.2,60.7,1.4,1.33,68.0
-76.415,41.213,11,220,72.8,-1.3,-26.2,6.4,71.8,0.73,0.22,74.2
-63.002,-111.392,11,3,32.5,0.13,-5.1,17.7,46.4,0.75,2.51,32.2
-63.171,-72.647,5,234,35.1,0.32,-8.2,37.9,358.4,0.68,3.54,35.3
-74.608,161.31,7,10,75.4,-1.19,-27.3,32.2,212.3,0.39,0.87,77.5
-77.327,135.556,5,274,80.2,-1.65,-30.2,9.0,301.0,0.18,0.36,82.1
-75.775,-89.014,12,79,59.7,-1.38,-27.5,20.6,36.4,0.98,1.82,61.9
-70.461,143.504,9,317,59.3,-0.98,-21.7,12.3,71.9,0.55,1.58,60.2
-65.338,-73.674,1,281,25.6,-0.22,-4.9,17.2,1.0,1.24,3.96,26.5
-65.958,-126.308,2,262,17.4,0.01,-5.8,28.8,164.4,1.76,1.56,16.9
-63.363,134.691,5,185,37.2,0.12,-5.3,8.5,273.0,0.18,3.28,37.8
-74.931,-51.29,8,319,79.1,-1.23,-26.0,17.7,41.0,0.78,0.95,81.4
-65.582,-7.832,7,333,58.5,-0.28,-14.7,31.9,353.4,1.54,0.52,60.2
-69.312,24.82,8,93,67.3,-0.43,-16.3,36.9,316.8,1.34,2.18,68.3
-69.214,139.534,8,24,56.0,-0.49,-20.9,37.1,188.9,1.36,2.2,56.8
-60.796,134.332,9,268,38.5,0.66,-5.7,31.9,173.5,1.23,2.52,38.1
-63.124,141.142,10,28,27.6,0.53,-7.7,22.4,178.5,0.38,3.28,27.7
-72.044,-79.863,9,115,73.3,-1.05,-18.2,7.9,159.9,1.07,0.37,74.5
-72.311,173.041,12,335,44.4,-1.07,-22.4,25.3,297.3,1.45,3.35,46.1
-61.978,22.44,11,344,25.7,0.33,-2.6,35.2,304.0,0.66,3.41,26.0
-65.1,-49.214,8,59,42.9,0.09,-15.3,18.1,228.1,1.46,2.08,43.6
-76.086,142.876,8,72,94.1,-1.39,-27.3,14.4,70.5,0.31,1.03,95.4
-63.158,-111.392,6,56,42.7,-0.01,-6.7,29.9,44.4,1.62,1.8,43.3
-68.924,166.988,1,272,42.3,-0.51,-13.9,26.6,332.8,1.43,3.27,43.5
-74.874,113.488,2,199,58.7,-1.3,-22.8,37.6,150.7,1.14,2.02,59.8
-70.838,-56.571,5,232,62.2,-1.02,-16.7,37.8,184.4,1.53,1.56,63.0
-64.737,19.289,4,103,23.0,0.17,-6.7,39.1,47.8,1.31,4.35,22.8
-68.235,49.276,12,60,45.7,-0.41,-12.4,39.9,255.6,1.25,3.08,46.6
-62.205,-27.941,1,268,7.4,0.32,-7.6,7.1,96.1,1.44,5.08,8.1
-75.364,-157.668,5,105,76.3,-1.71,-21.3,8.8,312.5,1.36,1.76,78.2
-67.897,-94.466,12,148,43.2,-0.67,-13.5,20.4,283.7,1.26,3.41,43.3
-64.614,-106.889,8,116,57.6,0.18,-9.5,32.9,196.8,1.13,2.28,59.0
-72.705,-116.127,11,39,56.1,-1.26,-20.0,19.0,154.3,1.05,0.61,57.6
-73.41,-60.997,12,80,48.5,-0.91,-19.5,33.6,225.1,1.53,1.2,50.3
-68.097,-153.763,12,163,40.5,-0.15,-12.7,34.1,57.4,1.02,1.67,41.0
-62.099,58.8,6,185,29.9,0.68,-5.3,22.6,202.1,1.38,2.81,29.4
-71.772,-93.475,11,315,67.6,-1.09,-22.5,37.8,137.3,1.45,0.47,68.6
-64.968,-171.106,9,192,49.0,0.02,-11.0,16.0,234.6,0.64,0.54,48.9
-60.511,98.395,9,4,36.4,0.46,-3.7,12.9,246.7,1.52,1.06,37.2
-62.185,86.895,7,332,45.7,0.14,-5.6,5.9,258.1,0.16,0.54,45.4
-73.466,-154.641,4,133,56.0,-1.2,-21.1,16.7,140.2,0.3,0.28,57.8
-76.862,88.542,1,359,71.0,-1.73,-24.4,15.7,246.9,1.13,0.78,73.4
-71.135,115.964,1,243,38.1,-1.01,-14.5,34.5,305.8,0.6,2.5,38.7
-62.034,167.532,12,332,17.2,0.69,-4.0,25.5,44.4,0.11,2.98,17.4
-60.954,-70.311,12,177,10.4,0.81,-0.1,10.3,66.2,1.15,1.61,9.6
-65.922,24.225,1,282,26.8,-0.09,-10.9,7.5,35.4,1.33,2.28,27.2
-75.692,55.97,2,146,60.7,-1.24,-24.0,21.7,221.9,0.62,1.69,62.4
-71.439,-66.12,7,87,60.4,-1.04,-22.1,32.4,157.0,1.53,0.58,62.3
-62.198,-13.375,6,157,34.1,0.16,-5.3,8.0,101.0,1.5,3.55,33.9
-64.796,45.583,12,39,36.8,0.24,-7.2,35.1,208.4,1.41,1.08,36.4
-73.309,141.835,9,242,79.6,-1.36,-23.4,38.0,212.3,1.56,0.39,81.2
-76.37,-49.008,1,340,57.2,-1.3,-19.9,30.3,272.6,0.34,0.68,58.7
-67.815,133.99,3,248,42.7,-0.66,-9.7,13.6,95.2,0.5,2.48,43.4
-63.754,-40.286,8,24,37.3,0.27,-12.6,40.8,228.1,0.56,2.9,38.2
-67.737,-44.403,7,188,59.7,-0.14,-18.1,14.3,350.2,0.48,1.27,61.4
-71.789,105.357,10,4,66.3,-1.15,-22.4,7.9,231.7,0.46,0.64,67.5
-65.089,-137.401,4,213,36.2,0.13,-8.8,22.7,75.9,0.37,3.26,35.9
-77.223,26.455,3,69,67.9,-1.97,-24.3,7.1,93.0,0.41,2.3,69.8
-67.855,-173.297,12,339,45.6,-0.12,-14.8,27.4,169.7,0.92,0.99,46.3
-75.431,29.753,3,320,62.5,-1.58,-20.6,17.7,163.2,1.1,0.79,63.7
-76.046,-107.155,9,351,84.0,-1.74,-29.5,22.6,221.3,0.17,1.33,86.0
-75.885,-6.393,3,309,61.6,-1.81,-19.5,30.1,155.3,0.82,2.37,63.3
-70.279,157.832,8,196,65.3,-0.54,-15.3,36.0,207.4,0.82,0.81,66.8
-61.618,-149.826,10,279,30.6,0.29,-3.9,34.2,208.1,0.3,0.4,31.1
-65.62,-66.275,6,55,38.8,0.01,-13.2,36.6,152.5,0.72,1.27,39.9
-64.411,-31.238,9,248,40.4,0.12,-10.3,41.6,208.0,1.42,1.65,40.4
-62.451,-137.129,4,229,26.8,0.63,-8.2,23.8,283.0,1.46,2.77,27.5
-77.063,-39.923,11,3,83.0,-1.48,-26.4,27.2,31.7,0.55,0.73,85.0
-64.959,155.047,7,315,51.8,-0.12,-7.2,7.1,278.5,0.4,1.69,51.4
-62.69,155.073,9,147,35.0,0.5,-7.7,30.8,221.5,1.25,1.63,35.7
-60.438,-148.737,5,205,18.5,0.58,-2.4,24.2,265.3,0.22,0.8,18.2
-63.064,149.403,6,178,46.5,0.14,-6.8,12.2,334.7,1.08,1.11,46.7
-76.084,-153.941,5,175,82.6,-1.35,-21.2,37.4,292.7,1.08,1.24,84.9
-67.863,97.188,6,235,56.8,-0.15,-11.4,22.8,92.8,0.75,2.34,57.0
-65.379,108.058,7,181,50.4,-0.34,-8.8,14.2,33.5,1.25,2.67,50.2
-61.235,-8.44,6,112,39.0,0.39,-1.5,30.3,327.6,0.95,1.01,39.5
-62.291,-105.56,4,128,27.4,0.3,-2.6,9.4,28.3,1.72,2.29,26.6
-62.572,164.878,8,191,45.0,0.34,-3.9,38.2,312.8,0.93,3.39,45.9
-72.955,-100.047,10,66,61.3,-0.92,-21.5,25.0,180.9,0.77,1.92,62.1
-60.423,71.368,8,162,39.2,0.35,-7.2,26.5,117.2,1.14,1.21,39.7
-73.731,-10.316,10,176,70.1,-1.21,-24.8,30.9,134.0,1.55,0.79,71.2
-75.639,27.321,4,52,69.5,-1.29,-22.9,36.7,70.6,1.46,1.76,71.0
-77.825,-28.253,3,323,67.6,-1.64,-23.5,16.1,202.4,1.07,1.09,69.5
-76.919,112.975,8,323,82.3,-1.5,-29.7,18.3,200.7,1.48,0.7,84.1
-71.68,64.651,10,102,67.5,-0.83,-19.3,41.2,102.5,0.65,1.34,69.3
-69.955,-151.773,10,147,59.5,-0.41,-14.3,28.7,334.3,0.82,1.8,60.2
-61.673,-151.52,6,117,28.8,0.56,-4.0,27.4,142.4,1.61,3.35,29.8
-64.538,7.537,8,212,42.5,0.28,-13.6,13.7,90.6,1.36,2.74,42.8
-70.853,-145.601,8,281,61.3,-0.64,-19.1,41.9,37.4,1.15,0.45,63.3
-70.983,-97.432,12,146,48.5,-1.05,-16.7,11.3,12.7,0.71,3.02,50.3
-69.591,133.523,5,281,50.9,-0.35,-14.2,11.6,215.1,1.17,2.12,51.9
-68.578,50.23,5,178,48.2,-0.66,-17.7,16.4,148.4,0.36,0.33,49.4
-64.351,-130.932,5,241,35.2,0.21,-8.6,33.0,107.9,1.4,3.17,35.9
-63.658,17.356,4,211,32.8,0.15,-8.7,31.5,232.6,1.51,1.16,32.5
-66.744,5.98,10,356,53.2,-0.37,-10.8,34.9,148.6,1.55,0.79,53.5
-66.536,42.383,5,359,44.2,-0.4,-15.4,6.8,192.6,0.42,0.64,44.8
-65.126,81.759,4,47,23.1,-0.02,-10.0,16.5,287.8,1.8,2.28,24.2
-72.056,123.677,3,29,43.4,-1.04,-17.4,11.7,322.5,0.53,1.54,43.7
-60.457,77.286,7,227,28.6,0.93,-7.1,32.2,33.8,1.23,1.17,28.7
-60.698,157.037,3,323,14.8,0.75,-1.6,9.5,173.2,0.61,2.02,14.0
-65.999,170.379,4,325,31.7,-0.42,-7.6,26.6,142.5,0.51,3.93,32.4
-65.566,67.826,3,191,31.8,-0.22,-8.7,30.4,121.8,1.75,3.16,31.6
-71.601,-124.589,9,55,63.3,-1.07,-16.3,34.2,272.4,1.47,1.27,63.9
-65.594,-51.06,3,129,34.5,-0.09,-9.3,15.9,250.9,0.42,1.02,34.8
-64.817,-80.883,10,284,36.3,0.05,-10.5,35.3,195.0,0.87,3.05,36.9
-64.794,137.856,10,187,48.5,-0.12,-8.3,29.4,194.0,0.76,1.86,49.0
-68.074,40.694,6,210,56.7,-0.66,-14.4,7.5,300.7,0.32,2.57,57.1
-69.263,-144.449,10,329,64.6,-0.49,-16.0,30.9,92.1,0.72,1.63,64.8
-61.256,-104.854,8,41,37.5,0.61,-7.1,32.5,320.6,1.5,3.07,37.1
-66.895,10.447,12,37,42.7,-0.51,-13.5,24.2,36.4,0.49,1.56,43.0
-66.176,25.21,3,286,33.4,-0.21,-12.7,28.6,128.9,0.88,2.76,34.9
-74.997,-115.057,7,259,78.9,-1.59,-20.9,21.4,126.8,0.64,1.87,80.0
-71.309,95.106,7,166,72.0,-0.83,-22.0,33.3,333.4,0.53,2.12,73.3
-70.852,81.473,5,306,46.5,-1.03,-14.4,5.2,354.4,0.47,1.27,48.0
-61.02,116.041,9,262,36.7,0.81,-8.2,6.4,128.0,0.34,1.62,37.2
-73.806,111.987,2,293,50.0,-0.97,-18.1,31.8,285.4,0.39,2.7,51.5
-67.628,146.756,10,329,48.4,-0.22,-13.4,7.9,20.1,1.41,1.34,49.8
-70.503,132.419,4,335,55.0,-0.5,-15.1,28.4,19.5,0.99,1.14,56.1
-72.117,71.197,3,26,51.7,-0.68,-14.0,32.9,207.1,0.25,1.51,53.1
-75.336,-58.979,8,293,90.0,-1.4,-27.4,19.7,156.4,1.29,1.08,91.8
-74.434,-37.685,10,101,76.3,-1.01,-23.2,14.0,95.9,0.83,1.43,78.0
-75.974,-31.11,6,179,74.1,-1.61,-24.3,33.5,60.9,0.69,1.76,76.3
-66.783,-21.433,4,103,39.3,-0.45,-9.2,8.2,266.2,0.51,2.42,39.3
-63.016,-76.433,6,356,43.1,0.16,-7.8,17.3,266.4,0.46,2.07,44.0
-68.122,44.295,3,356,38.9,-0.72,-11.6,29.6,15.7,0.39,1.3,40.2
-66.877,-160.889,11,5,34.3,-0.16,-10.7,38.8,129.7,0.28,1.4,35.7
-71.043,172.725,9,364,60.9,-0.94,-16.4,24.7,67.1,0.95,1.37,62.8
-77.613,-90.939,9,157,87.5,-1.81,-31.2,17.8,126.7,1.16,0.46,90.5
-68.977,112.281,11,132,57.5,-0.31,-12.4,6.1,199.8,0.58,0.66,59.0
-66.175,-148.394,7,267,61.9,-0.09,-11.6,13.4,86.5,0.36,2.59,63.3
-72.073,15.204,4,335,46.0,-0.95,-16.0,36.9,111.2,1.3,1.92,46.4
-60.078,171.28,3,336,16.8,0.94,-2.6,25.6,341.5,0.3,1.8,17.5
-64.913,95.557,7,211,44.6,0.17,-8.3,28.6,265.8,0.36,0.9,44.4
-77.528,174.944,10,137,87.5,-1.67,-26.9,13.5,9.4,0.24,1.19,88.7
-62.77,-11.245,11,192,22.9,0.25,-6.6,11.1,81.5,0.79,4.32,24.0
-60.896,-99.88,11,104,28.1,0.32,-0.3,41.5,312.2,0.93,1.63,28.0
-73.558,-34.248,1,312,57.8,-1.25,-21.3,27.6,267.3,1.11,1.62,59.9
-63.835,7.434,8,234,53.3,-0.11,-5.6,24.2,142.4,1.35,1.83,53.7
-66.648,-162.254,5,226,40.1,-0.34,-9.1,22.1,152.1,1.14,0.51,40.7
-75.44,118.762,8,47,89.9,-1.68,-23.5,39.7,250.6,0.33,0.64,91.4
-74.78,32.514,12,104,69.9,-1.6,-23.6,29.0,256.1,0.38,1.74,70.8
-65.288,48.266,2,269,27.8,0.1,-4.3,27.6,57.6,1.04,0.55,27.5
-71.967,133.67,3,84,55.1,-1.15,-15.9,20.5,111.4,1.41,1.48,56.4
-75.884,-132.634,4,2,68.4,-1.65,-24.0,36.7,195.7,0.11,2.11,69.6
-67.4,-8.744,7,227,48.4,-0.27,-16.3,25.3,223.1,1.05,2.76,48.6
-75.331,55.18,1,75,66.1,-1.33,-19.6,16.0,331.3,0.18,1.16,66.9
-65.902,39.992,12,359,34.6,0.05,-12.4,21.8,208.4,1.68,0.69,35.0
-71.366,-43.582,2,219,50.8,-1.14,-16.8,9.5,309.4,0.66,1.48,51.4
-74.237,-159.054,10,323,75.0,-1.52,-21.4,27.4,283.7,1.3,0.99,77.1
-73.326,27.051,10,182,80.0,-1.08,-21.9,32.0,179.2,1.47,1.64,81.0
-72.771,-110.32,2,13,47.9,-0.9,-16.6,12.7,221.5,0.8,0.44,48.7
-63.491,-103.558,11,104,35.4,0.07,-10.8,16.1,198.0,1.4,0.75,35.7
-70.871,24.812,1,90,38.0,-0.61,-12.7,22.7,170.8,0.16,0.81,38.2
-69.709,131.481,6,237,65.0,-0.7,-14.9,35.9,107.8,1.33,0.95,66.0
-74.251,66.778,6,34,83.9,-1.41,-26.9,41.4,225.5,1.53,1.01,85.5
-67.287,131.254,5,362,51.4,-0.19,-14.4,8.2,315.7,0.73,2.66,51.9
-68.548,-116.995,6,20,61.0,-0.24,-15.7,5.9,173.8,0.95,0.71,62.7
-64.816,8.506,6,74,48.4,-0.21,-6.2,24.1,357.4,0.45,0.41,48.6
-62.433,-138.299,5,23,31.9,0.42,-9.2,22.3,16.6,0.98,2.79,32.1
-67.604,-67.629,4,165,32.4,-0.48,-11.9,33.6,241.6,0.56,0.94,32.5
-60.751,21.465,2,106,9.4,0.63,-3.6,39.9,289.4,1.08,1.25,9.2
-61.94,14.608,1,67,4.9,0.67,-7.3,19.2,31.0,0.77,3.86,6.0
-66.67,68.445,8,316,53.3,-0.33,-15.9,33.1,291.3,0.23,2.84,54.8
-67.78,-146.55,12,240,30.9,-0.49,-11.3,33.4,169.4,1.71,0.9,32.3
-73.355,-49.158,3,359,60.7,-1.26,-16.6,17.0,175.5,0.21,0.53,61.8
-62.776,-78.387,6,310,37.7,0.32,-8.0,31.4,38.5,1.05,0.59,37.8
-69.702,32.593,4,318,40.2,-0.85,-15.2,7.4,75.0,1.28,1.77,42.1
-67.79,-56.808,12,121,32.4,-0.28,-10.5,31.3,301.2,0.29,2.54,32.7
-76.242,-19.722,5,208,65.5,-1.79,-22.5,33.5,136.4,0.94,1.73,66.3
-63.293,139.414,11,1,36.1,0.34,-7.4,15.8,221.6,0.86,1.07,37.2
-72.605,105.965,11,156,70.4,-0.79,-18.3,38.9,356.5,1.09,1.47,71.6
-62.743,126.902,1,190,25.0,0.6,-8.8,25.7,352.3,0.29,1.51,24.6
-70.229,32.459,11,163,58.3,-0.78,-17.2,12.8,62.4,0.34,1.68,60.0
-71.515,-29.795,5,344,50.9,-1.19,-17.3,10.3,318.6,1.22,3.1,51.4
-75.53,110.139,8,357,87.9,-1.5,-28.4,23.8,198.7,0.87,0.61,89.2
-67.118,28.058,12,122,41.0,-0.43,-8.1,26.3,12.0,0.16,1.92,41.3
-67.555,166.226,2,73,35.8,-0.33,-8.4,32.8,100.6,0.98,2.19,36.5
-73.586,47.039,11,343,56.8,-1.11,-19.0,16.6,19.0,0.68,2.31,58.0
-68.772,-11.076,12,170,40.7,-0.24,-11.4,15.7,12.7,1.67,2.81,41.8
-67.853,-157.89,8,297,53.6,-0.66,-11.2,34.9,224.8,0.59,0.5,54.4
-62.674,-79.974,3,316,12.4,0.54,-8.6,9.1,62.9,1.11,1.13,12.8
-63.459,-85.949,12,121,24.2,0.4,-3.5,17.7,30.4,0.35,4.13,23.7
-69.073,177.691,7,122,65.6,-0.42,-19.3,26.4,303.1,0.19,0.83,67.4
-77.055,-12.955,8,155,90.4,-1.4,-24.6,13.6,246.1,0.76,0.45,92.1
-70.175,-76.035,8,196,71.5,-0.44,-16.9,6.5,330.4,1.18,2.13,72.4
-61.475,129.008,6,139,27.3,0.25,-4.2,19.5,278.3,1.37,3.22,27.7
-74.491,-58.534,12,93,57.6,-1.61,-25.7,7.5,148.0,0.99,2.04,59.1
-64.945,-89.317,1,13,26.7,-0.25,-7.1,38.1,78.1,1.12,0.86,28.0
-76.445,37.687,7,337,92.2,-1.5,-24.4,11.8,39.9,0.41,0.46,94.1
-76.637,-16.76,5,219,79.3,-1.51,-23.4,14.5,281.1,0.57,0.28,80.7
-60.073,-87.034,5,92,19.1,0.68,0.8,27.6,64.2,0.94,1.03,19.5
-74.069,51.602,8,133,73.0,-1.51,-23.2,14.3,160.5,1.62,0.49,74.8
-61.208,59.258,5,78,28.0,0.77,-3.6,24.1,338.4,0.93,2.05,28.7
-63.943,102.737,9,116,35.3,0.42,-6.9,22.8,204.2,1.69,1.62,36.0
-70.789,47.618,11,47,53.3,-0.59,-18.8,36.1,273.8,0.59,0.84,54.6
-60.585,57.864,5,357,19.8,0.38,-1.8,23.0,318.7,0.84,1.21,19.0
-77.543,178.698,4,251,69.3,-1.56,-24.8,23.5,347.4,1.48,2.25,70.1
-71.893,-58.421,12,22,50.8,-1.12,-16.9,24.4,338.4,1.58,1.84,52.4
-73.806,-154.068,12,73,58.8,-1.51,-17.5,27.9,87.4,1.2,0.29,60.3
-61.716,115.466,2,234,13.9,0.66,-6.6,35.2,41.1,1.11,3.16,13.4
-74.352,-58.556,12,348,58.9,-1.52,-20.1,25.2,115.8,1.74,0.8,59.5
-74.878,-157.24,5,73,74.7,-1.57,-24.2,11.1,87.7,1.09,0.44,76.9
-66.62,-44.593,3,9,37.5,-0.47,-14.1,39.3,254.4,1.11,1.32,38.8
-63.74,-8.636,3,106,13.2,0.04,-6.6,13.9,62.8,1.28,3.1,14.0
-66.983,-148.312,5,179,41.7,-0.24,-14.7,41.5,351.6,1.15,3.14,43.5
-68.864,-12.882,11,338,43.7,-0.8,-17.9,10.5,303.8,1.65,1.9,44.3
-61.392,-160.55,6,146,25.8,0.36,-4.4,37.9,163.1,0.28,0.6,26.1
-75.155,-169.537,9,60,74.1,-1.56,-25.5,26.5,150.9,1.37,1.91,75.3
-76.018,-97.998,4,212,73.8,-1.6,-26.1,22.4,174.4,1.61,0.47,76.3
-69.81,-40.561,3,235,45.0,-0.58,-10.8,12.5,45.8,1.28,0.5,45.1
-62.67,-14.912,3,176,11.2,0.21,-7.4,34.4,343.0,1.64,3.07,11.7
-73.865,-31.789,9,251,85.6,-1.4,-23.5,22.1,5.2,0.83,1.39,86.7
-70.184,-99.934,10,77,69.2,-0.48,-18.2,6.6,356.9,1.35,1.28,70.2
-70.902,111.498,12,51,48.4,-0.97,-16.3,5.5,263.4,1.71,0.69,49.1
-66.342,-147.337,8,343,51.2,-0.06,-10.2,32.6,8.8,0.87,2.5,52.5
-70.704,104.349,6,321,62.0,-0.71,-15.4,7.6,321.6,0.67,0.32,62.9
-73.144,160.594,9,295,81.8,-0.95,-25.6,37.6,264.9,0.19,1.66,83.8
-62.016,-140.052,6,239,36.1,0.34,-8.8,25.7,24.1,1.31,1.07,37.5
-73.705,-139.119,8,298,87.1,-1.08,-21.3,33.2,115.4,1.63,0.83,88.4
-77.02,-45.787,8,249,90.8,-1.47,-28.1,24.7,297.1,1.63,0.67,92.4
-65.88,69.56,2,97,33.4,-0.14,-12.3,38.2,103.8,1.73,0.76,33.8
-65.453,-1.322,4,267,40.2,-0.34,-9.9,30.2,335.4,0.91,1.73,41.3
-77.613,-111.938,1,119,73.3,-1.73,-26.8,26.4,236.1,1.44,1.14,75.4
-68.457,17.449,8,156,63.5,-0.24,-17.5,34.2,81.6,0.73,0.91,65.2
-75.33,-77.622,3,317,67.5,-1.3,-24.0,41.0,302.2,1.28,1.68,68.5
-73.718,-165.185,6,295,65.3,-1.35,-25.0,25.8,12.5,0.64,1.01,66.7
-68.282,-121.465,5,63,56.0,-0.51,-14.0,10.4,164.9,0.64,0.28,57.3
-60.439,-60.739,12,152,13.9,0.51,1.3,41.3,206.5,0.35,2.94,14.5
-70.042,68.093,12,246,54.5,-0.91,-15.2,16.4,144.6,1.53,1.49,54.8
-77.009,50.873,10,270,78.1,-1.4,-28.8,5.8,193.8,0.86,1.35,79.3
-68.788,-109.998,6,309,58.4,-0.25,-12.3,18.4,53.3,1.55,1.21,58.9
-72.876,-53.512,8,288,68.7,-0.95,-22.6,41.7,289.3,0.59,1.94,71.0
-70.371,142.714,3,301,44.4,-0.95,-17.0,41.6,189.1,0.67,3.25,45.7
-71.236,-177.617,11,140,55.7,-0.83,-16.4,32.9,49.3,0.42,1.29,56.9
-77.24,117.449,10,156,84.3,-1.55,-29.5,34.3,55.4,0.61,1.1,86.5
-75.765,59.729,5,214,66.1,-1.25,-23.2,6.1,275.3,0.94,2.4,67.8
-71.488,-7.025,7,133,73.0,-0.91,-18.4,9.4,184.5,1.08,1.85,73.6
-76.947,-64.915,12,70,66.6,-1.92,-26.3,28.5,343.9,0.18,0.87,68.7
-76.617,-110.227,11,94,80.7,-1.55,-28.2,16.9,113.8,1.54,1.47,82.2
-65.437,-49.492,9,297,47.3,-0.27,-14.5,15.4,280.4,0.8,3.09,47.6
-74.078,1.218,4,287,62.2,-1.06,-21.0,24.7,198.4,1.39,0.52,63.5
-76.625,114.784,1,246,60.3,-1.49,-27.0,21.4,355.5,0.99,2.66,61.5
-72.516,88.006,2,114,40.3,-0.92,-16.6,16.4,75.5,1.77,1.74,41.9
-75.989,-173.23,8,221,78.1,-1.76,-24.1,24.0,21.3,0.3,0.62,79.0
-65.983,91.638,2,309,20.1,0.11,-11.6,18.0,32.7,1.54,4.34,21.6
-71.739,-122.199,9,314,66.1,-0.89,-23.5,26.4,5.0,0.47,0.65,67.2
-61.77,13.366,12,51,27.4,0.71,-1.3,22.6,251.3,0.41,2.98,26.7
-62.975,173.268,7,110,42.3,0.23,-6.1,16.6,167.7,0.98,1.93,42.4
-72.811,79.969,2,168,48.6,-1.15,-18.9,32.2,247.3,1.53,0.97,49.7
-60.271,-25.934,2,244,15.7,0.58,-5.0,29.9,242.0,0.77,2.71,16.2
-75.854,-37.868,12,303,75.4,-1.36,-20.5,11.2,130.9,0.44,0.56,77.4
-70.723,-96.167,7,256,63.4,-0.66,-18.3,15.1,284.2,1.19,1.18,64.5
-67.143,-34.4,8,262,53.4,-0.13,-17.3,14.3,179.0,1.17,0.65,53.7
-77.049,-155.438,11,14,86.3,-1.74,-24.7,10.7,223.9,0.26,0.25,88.4
-64.184,105.383,4,151,30.2,0.11,-9.3,17.7,309.5,1.03,3.94,29.9
-70.253,149.378,7,231,62.6,-0.8,-18.6,6.2,200.4,1.56,0.96,64.2
-69.153,-131.584,12,200,43.3,-0.81,-12.9,29.4,246.7,1.07,1.84,44.8
-68.88,-39.101,8,303,73.0,-0.46,-17.8,41.2,115.4,0.15,0.28,74.7
-71.72,87.141,1,321,43.8,-1.17,-18.5,18.2,126.5,1.22,1.1,45.3
-67.334,147.74,2,157,22.7,-0.52,-10.6,6.4,236.8,0.82,2.49,23.3
-77.633,-10.908,1,163,64.2,-1.81,-24.9,34.9,36.0,1.25,1.01,65.9
-64.232,-57.766,10,154,38.4,0.07,-9.3,36.4,283.4,1.53,2.16,38.6
-77.144,178.642,7,116,91.8,-1.41,-26.1,26.4,213.1,0.56,0.78,93.6
-70.312,-54.966,2,334,46.8,-0.73,-16.7,29.5,112.8,0.8,1.07,47.9
-65.912,17.122,1,322,31.6,0.1,-8.6,12.9,346.4,1.36,2.09,32.9
-68.411,41.192,7,290,64.7,-0.73,-18.1,22.1,86.5,1.37,1.99,66.5
-70.615,129.667,2,325,35.5,-0.83,-12.9,28.9,92.3,1.12,1.78,35.7
-74.546,-91.589,5,238,68.2,-1.03,-23.3,38.5,72.7,0.56,0.28,70.2
-73.0,18.254,11,22,72.6,-1.11,-24.4,36.8,30.2,1.12,1.91,74.9
-70.674,-49.164,11,47,53.5,-0.58,-14.6,13.7,205.6,0.95,0.61,54.7
-67.552,99.042,9,129,57.2,-0.59,-13.7,33.6,112.8,1.51,2.19,58.6
-64.609,156.78,4,74,20.5,-0.11,-9.8,20.1,310.6,0.2,2.63,21.5
-75.967,16.468,8,350,82.2,-1.65,-24.2,10.4,171.1,0.73,0.64,84.1
-61.706,-167.469,12,340,24.7,0.2,-0.7,29.8,91.1,0.75,2.93,25.1
-61.743,66.689,9,122,45.1,0.39,-3.2,19.5,352.1,0.53,0.59,45.8
-73.762,-104.261,3,225,56.4,-0.98,-18.0,20.0,12.2,1.57,2.45,58.4
-69.52,-31.334,6,217,66.3,-0.43,-14.0,30.8,182.3,0.7,1.57,67.8
-64.72,-16.826,1,27,26.4,-0.15,-8.0,28.7,1.1,0.44,1.58,27.0
-76.005,-90.143,12,333,71.6,-1.31,-22.4,34.3,115.0,0.91,1.68,72.7
-65.626,117.637,5,102,30.4,-0.16,-11.2,19.0,300.5,1.07,0.45,30.2
-67.946,40.321,4,46,49.0,-0.58,-11.1,11.2,144.4,0.83,1.07,49.0
-71.377,161.008,2,8,48.3,-0.92,-13.2,21.8,242.5,0.3,2.43,48.6
-62.485,101.564,5,254,25.9,0.31,-8.3,13.0,296.7,1.34,1.13,25.8
-63.736,-169.642,5,121,34.8,0.43,-8.7,30.3,164.9,0.12,0.83,35.0
-65.526,67.267,12,197,35.6,0.07,-11.3,8.5,21.2,0.67,1.18,37.0
-60.059,158.156,10,364,32.2,0.42,-5.4,27.9,108.9,0.77,1.72,33.3
-67.928,28.975,5,87,46.5,-0.14,-10.5,9.9,114.2,1.0,0.74,46.5
-77.205,-133.966,5,185,85.9,-1.82,-23.4,27.7,274.2,0.55,0.59,88.2
-72.32,178.043,3,285,56.0,-0.92,-15.7,7.0,53.5,0.49,0.36,56.6
-65.293,-22.885,8,21,50.5,0.26,-11.1,21.9,40.5,1.32,0.72,50.9
-74.333,-77.718,3,261,62.1,-1.25,-19.6,12.9,359.3,0.11,2.09,62.9
-61.433,-91.383,8,347,30.7,0.4,-8.0,41.3,43.9,0.74,3.83,30.4
-72.176,-169.605,8,363,77.8,-1.02,-17.5,27.0,2.1,1.75,1.33,79.8
-72.152,83.356,12,292,46.1,-0.77,-16.1,15.5,287.3,1.36,1.99,47.3
-76.334,-88.141,4,205,59.2,-1.36,-27.0,33.8,102.6,1.38,1.91,60.3
-69.165,-24.351,5,351,52.6,-0.66,-18.5,18.6,72.0,0.86,1.37,53.4
-67.194,-147.52,7,189,58.4,-0.34,-14.6,6.5,123.0,0.89,0.83,59.7
-75.209,-1.684,11,332,71.2,-1.54,-24.1,38.6,171.9,0.35,0.46,73.6
-62.852,8.313,5,292,20.5,0.05,-10.1,9.0,153.0,0.26,3.15,21.2
-73.439,-88.25,2,258,41.1,-1.02,-19.7,34.1,303.4,0.18,1.7,42.8
-72.349,80.674,11,231,63.6,-1.16,-15.9,37.2,67.4,0.41,1.99,64.9
-62.311,-141.721,9,10,29.9,0.15,-9.9,22.7,249.1,1.58,4.0,30.7
-69.239,42.66,10,185,61.6,-0.31,-14.8,34.8,31.5,0.33,0.71,63.1
-65.471,-112.24,1,108,25.7,-0.27,-10.6,36.2,308.9,1.02,0.73,26.9
-75.333,-28.123,2,86,65.2,-1.29,-22.5,22.9,7.1,0.86,0.78,66.3
-63.07,-38.976,6,5,29.3,0.48,-8.2,20.4,178.5,1.08,3.14,30.6
-77.334,-36.115,9,303,94.4,-1.45,-24.8,37.1,83.5,0.2,0.13,96.2
-68.041,-83.574,11,214,54.6,-0.65,-12.7,28.9,161.4,0.84,0.71,55.8
-69.554,-22.28,9,113,65.7,-0.52,-13.9,36.6,257.5,0.9,2.22,67.0
-70.973,-29.93,11,335,61.3,-0.65,-15.3,36.2,223.9,0.58,2.08,62.6
-75.676,-108.186,10,252,71.3,-1.53,-21.2,16.2,75.4,0.18,0.24,73.4
-71.573,-122.902,9,17,76.8,-1.0,-23.2,13.4,202.3,0.93,1.97,78.8
-64.151,97.234,9,137,53.9,0.34,-6.8,27.4,37.5,0.19,2.88,54.8
-60.672,92.075,2,313,10.4,0.82,-4.9,25.8,182.6,0.38,1.0,10.1
-71.491,82.206,12,227,56.5,-0.9,-14.6,10.7,130.9,1.49,0.59,56.9
-60.547,96.919,1,126,16.4,0.61,-3.5,11.3,95.8,1.32,2.22,16.8
-73.582,91.154,9,216,83.1,-1.4,-23.4,39.0,323.3,1.72,0.95,85.0
-61.013,-20.672,1,265,20.1,0.31,-3.9,41.3,59.2,0.2,3.58,20.6
-66.454,144.904,1,324,39.0,-0.02,-6.9,41.0,150.9,1.61,2.7,40.1
-65.012,-67.07,6,5,50.2,0.24,-9.5,10.4,145.4,1.19,2.87,51.0
-66.873,-20.828,6,333,48.0,-0.44,-14.5,6.4,120.4,1.33,2.52,48.2
-60.145,-77.786,2,262,7.5,0.69,1.1,10.9,10.0,1.45,3.25,6.9
-64.065,81.543,9,57,50.3,0.34,-11.6,23.8,44.6,1.39,3.02,50.9
-67.696,-178.123,6,121,58.8,-0.08,-13.5,38.1,226.0,1.01,1.77,59.4
-72.878,102.524,12,294,59.4,-0.96,-19.4,14.2,118.0,1.09,2.33,60.4
-76.236,76.191,7,42,78.1,-1.6,-29.5,12.9,28.1,1.25,0.88,80.2
-63.981,133.925,10,256,43.0,0.44,-7.4,40.1,263.4,0.81,0.84,43.4
-69.274,-15.223,12,263,51.2,-0.82,-16.8,22.5,268.7,1.7,1.35,53.1
-67.171,-32.897,2,190,31.3,-0.57,-13.5,18.7,356.8,0.62,2.17,32.7
-75.441,32.265,1,157,67.1,-1.62,-19.9,23.1,44.0,0.69,2.14,68.3
-67.685,23.675,6,194,52.1,-0.24,-13.2,33.2,181.7,0.88,1.56,52.8
-62.406,-62.922,10,341,37.5,0.3,-3.5,17.5,16.5,1.24,1.87,37.3
-76.406,-120.379,1,293,65.2,-1.42,-25.3,28.9,231.8,0.24,2.41,67.0
-64.363,164.625,9,97,51.7,0.1,-13.9,29.4,191.5,1.74,1.07,52.0
-63.066,122.01,10,228,28.9,0.29,-9.1,26.8,176.9,1.69,1.67,28.8
-77.567,10.045,7,132,82.5,-1.45,-28.1,15.6,65.8,1.41,0.4,85.2
-65.785,-158.791,6,93,36.8,-0.37,-12.3,16.8,148.6,0.65,1.65,38.2
-75.823,-107.079,10,301,74.5,-1.49,-25.3,40.1,96.9,0.64,1.24,75.4
-77.48,48.075,1,138,67.2,-1.68,-28.5,33.2,234.6,0.31,1.47,69.0
-62.767,0.156,3,192,17.9,0.12,-6.9,40.2,346.1,1.04,0.6,18.9
-60.7,43.463,11,86,12.3,0.86,-3.6,27.1,302.2,0.75,2.03,12.7
-67.467,3.718,1,83,37.5,-0.3,-13.0,19.6,44.3,0.34,2.26,37.9
-70.225,39.76,6,350,70.0,-0.64,-13.7,31.2,98.3,1.23,0.88,70.4
-60.738,-61.755,12,69,18.4,0.3,-2.8,38.4,242.2,0.8,4.21,18.9
-64.276,13.727,11,334,25.8,-0.18,-5.8,29.8,242.0,0.7,3.58,26.8
-71.557,-116.213,12,5,44.0,-0.98,-20.1,5.3,267.5,1.39,2.47,45.7
-74.553,113.861,11,156,74.7,-1.49,-18.9,40.8,13.2,0.94,1.52,76.2
-77.872,174.335,11,203,71.8,-1.92,-27.3,11.3,69.8,1.36,1.55,73.9
-74.84,31.739,12,34,55.0,-1.1,-19.4,37.6,262.4,0.57,2.57,55.4
-60.543,63.984,10,130,32.4,0.85,-8.1,20.8,242.3,1.21,3.48,32.5
-62.802,-33.525,2,349,15.7,0.31,-4.5,6.6,259.6,0.18,4.43,16.0
-72.308,-38.931,6,42,75.6,-0.82,-16.5,13.3,248.2,1.73,1.88,76.1
-72.074,-157.376,11,50,50.8,-1.02,-23.1,34.5,336.6,1.53,1.0,52.3
-60.742,119.706,6,267,35.4,0.86,-2.2,27.9,275.1,1.16,2.39,34.7
-76.908,-167.996,6,356,74.7,-1.87,-23.5,21.4,108.5,1.16,0.31,76.7
-67.933,-73.83,7,206,50.5,-0.25,-17.2,27.2,237.5,0.12,1.4,52.1
-62.161,42.923,6,334,43.0,0.57,-6.7,17.1,69.3,0.27,2.23,42.6
-63.791,-110.299,10,65,42.4,0.03,-9.3,31.8,160.1,0.51,2.9,42.2
-72.39,-23.095,11,184,57.5,-0.79,-17.5,10.5,111.1,0.68,1.22,57.8
-67.444,64.188,1,122,32.8,-0.13,-8.5,20.6,70.3,0.44,3.66,33.8
-71.852,60.43,12,355,62.1,-0.89,-19.4,26.4,346.7,1.15,1.25,62.8
-69.823,104.109,1,254,35.0,-0.96,-16.8,13.5,224.6,0.51,2.96,36.9
-72.033,86.429,4,205,46.8,-0.68,-19.4,7.7,10.8,0.3,1.19,47.5
-67.458,95.592,1,16,26.7,-0.47,-13.6,14.7,62.7,1.54,1.34,27.0
-74.831,-85.756,2,11,62.1,-1.58,-20.1,37.7,121.8,0.46,1.34,63.3
-71.298,-118.31,9,320,77.4,-0.64,-23.2,10.3,332.7,1.45,0.52,78.6
-71.263,35.838,11,126,66.0,-0.71,-17.4,36.6,105.9,0.35,0.78,67.4
-72.959,-134.475,9,300,83.0,-1.27,-25.4,22.4,238.9,0.21,0.94,85.1
-66.389,3.297,8,266,54.6,-0.29,-14.1,30.7,257.6,0.94,1.0,55.3
-61.419,30.234,1,107,7.0,0.32,-0.0,19.6,110.2,1.61,3.16,7.7
-71.266,18.199,3,44,41.3,-0.85,-18.8,6.5,184.4,0.67,1.81,42.4
-71.385,-0.884,5,196,48.4,-0.92,-20.2,7.8,324.5,0.6,1.8,49.8
-76.593,-80.487,4,51,60.7,-1.69,-24.3,17.3,243.0,0.53,2.09,62.8
-62.782,-111.369,10,71,46.2,0.47,-5.3,38.8,3.1,0.61,2.84,47.0
-70.731,-33.927,10,336,53.0,-0.7,-14.4,40.2,311.6,0.49,2.3,53.4
-73.793,31.321,9,240,82.6,-1.24,-20.8,16.6,67.6,1.41,1.24,83.5
-69.901,21.041,6,72,61.6,-0.9,-13.6,5.4,291.7,1.52,1.07,62.4
-65.656,-34.787,12,276,27.8,-0.03,-8.9,6.2,50.1,1.76,4.2,28.5
-63.615,148.951,10,201,48.7,0.02,-9.3,24.8,67.8,0.28,1.99,49.2
-61.895,-146.433,2,346,13.4,0.16,-1.9,23.1,67.2,0.22,4.72,13.1
-73.805,57.445,2,233,43.2,-1.21,-22.5,36.8,147.9,0.37,0.67,44.8
-69.391,-155.245,4,67,51.7,-0.72,-12.1,29.6,57.2,1.08,1.17,52.0
-65.098,-14.776,4,4,39.8,-0.04,-6.1,27.4,88.9,0.66,2.24,40.2
-69.671,-165.929,2,148,41.2,-0.39,-15.4,36.2,285.2,0.76,3.03,42.8
-70.529,-115.352,10,222,61.3,-0.52,-20.5,26.0,141.7,1.71,0.83,63.3
-73.072,46.11,5,342,71.9,-1.0,-18.9,13.0,177.7,1.79,1.31,74.0
-76.622,-142.119,6,210,81.4,-1.76,-26.4,22.1,26.4,1.28,1.37,83.0
-64.573,128.078,7,20,37.6,-0.17,-7.0,17.1,269.5,0.92,0.58,38.1
-73.639,162.007,3,242,59.7,-0.99,-22.6,5.7,36.2,0.6,1.59,61.0
-76.603,94.892,11,140,68.4,-1.69,-27.8,6.3,243.0,0.47,1.71,70.9
-63.393,50.764,12,338,32.3,0.16,-7.9,6.9,1.7,1.41,3.17,33.5
-71.256,-94.125,2,9,42.0,-0.57,-17.7,12.1,240.8,0.47,3.19,43.7
-63.052,-119.562,3,23,16.4,0.04,-6.6,25.8,68.2,0.45,2.77,17.6
-75.826,-103.039,6,166,73.2,-1.56,-26.8,19.4,165.2,0.21,1.78,75.3
-71.358,-155.761,4,211,46.9,-0.82,-13.5,8.8,193.0,1.78,2.89,47.2
-60.737,35.952,11,357,20.2,0.85,-1.4,9.9,63.1,1.39,3.28,21.0
-66.005,-155.695,1,312,36.1,-0.16,-9.2,32.4,181.2,1.3,0.4,35.8
-64.339,-135.34,4,220,32.6,0.17,-11.2,18.9,106.8,0.36,1.11,32.4
-61.379,35.307,8,169,31.3,0.4,-3.9,6.5,285.0,0.81,3.37,31.9
-73.878,83.834,6,125,67.4,-1.5,-19.3,41.6,288.5,1.28,0.71,69.4
-68.614,-113.924,11,4,40.0,-0.5,-10.8,6.9,357.1,1.7,0.75,40.1
-68.121,106.284,4,121,40.2,-0.47,-13.2,11.1,71.1,0.82,2.35,40.7
-67.624,168.381,4,140,45.7,-0.37,-8.6,18.3,136.0,0.9,1.62,46.5
-70.198,-123.884,8,11,73.2,-0.76,-21.7,38.5,108.1,1.01,1.27,74.0
-71.152,-69.895,5,193,58.4,-0.86,-19.3,31.4,70.5,1.66,0.27,60.3
-64.853,-45.267,7,213,57.1,0.31,-11.8,23.1,230.8,1.1,1.33,56.9
-61.411,-41.463,10,84,25.6,0.47,-7.3,38.8,260.0,0.97,2.32,26.3
-65.464,54.326,7,127,45.2,-0.34,-9.1,28.3,243.5,1.29,2.32,45.4
-69.802,65.184,5,127,54.7,-0.39,-13.4,5.5,277.5,1.2,2.77,55.4
-67.449,144.358,9,97,64.5,-0.54,-14.9,30.6,180.2,1.01,2.28,65.6
-64.789,90.886,12,46,21.1,0.08,-5.9,35.1,96.8,0.46,3.5,21.8
-77.884,-119.376,8,1,85.6,-1.62,-29.7,20.4,103.8,0.83,0.4,87.0
-75.582,-4.87,9,57,83.1,-1.28,-28.2,7.2,65.8,1.39,0.55,85.7
-70.642,45.661,10,56,69.8,-0.98,-19.8,19.0,99.6,0.68,1.43,71.1
-65.89,-143.709,1,137,32.5,-0.41,-8.5,41.5,34.9,0.99,0.39,33.2
-60.236,94.091,8,243,39.9,0.73,-5.9,30.2,123.5,0.64,1.13,39.9
-70.828,39.891,6,170,69.2,-1.1,-15.4,19.9,300.8,1.67,0.27,69.6
-68.449,162.382,4,189,40.2,-0.36,-10.4,24.1,237.7,0.11,2.45,41.7
-72.201,48.16,1,167,52.1,-1.15,-18.1,32.4,285.8,0.69,2.94,54.1
-69.43,57.002,12,52,49.1,-0.73,-17.2,10.3,187.2,1.07,2.83,50.2
-75.698,106.855,5,345,82.3,-1.19,-24.6,38.2,343.8,0.92,1.01,83.5
-74.932,159.916,12,46,54.9,-1.08,-26.1,39.4,117.5,0.75,1.03,57.0
-66.013,162.541,11,64,43.4,0.12,-9.8,23.2,286.4,0.67,1.03,44.1
-61.371,-156.72,6,194,39.8,0.66,-3.5,29.2,282.6,1.74,1.79,39.5
-73.336,-75.248,2,46,47.3,-1.1,-21.8,39.9,206.2,0.32,1.25,48.5
-64.735,-68.112,10,275,36.6,-0.02,-10.6,33.5,287.1,1.69,0.79,37.5
-67.366,-141.629,1,276,39.5,-0.43,-8.7,16.0,78.8,1.26,0.83,39.7
-64.553,125.686,12,18,30.2,-0.05,-4.0,9.6,358.9,1.3,2.16,31.0
-69.09,73.491,7,31,72.0,-0.66,-14.0,12.8,263.8,1.48,1.6,72.1
-62.422,-115.553,8,201,38.1,0.55,-4.3,10.9,7.8,0.77,1.78,38.2
-71.73,-39.109,2,271,49.6,-1.06,-13.7,30.9,197.3,0.27,1.24,51.1
-62.415,-160.516,12,156,20.2,0.16,-7.9,30.8,104.8,0.35,1.32,21.1
-64.764,-176.712,12,295,20.9,0.21,-5.4,18.9,353.8,1.26,1.11,20.4
-71.599,-9.405,1,61,56.1,-0.82,-16.3,40.9,225.7,0.79,0.36,56.7
-69.205,67.674,3,335,43.5,-0.41,-9.8,29.8,32.3,0.89,2.93,43.9
-66.618,-19.757,1,62,22.3,-0.45,-9.0,38.6,81.0,1.1,4.43,22.9
-65.513,-145.961,10,93,43.1,0.23,-9.4,16.0,45.1,0.65,2.61,44.3
-68.325,-34.081,12,11,38.6,-0.27,-10.9,24.6,23.0,1.52,2.17,39.9
-66.269,91.263,4,338,41.8,-0.36,-9.5,11.7,199.7,1.46,0.73,41.7
-74.288,-121.964,9,132,86.8,-1.56,-20.0,23.7,130.9,1.03,0.72,89.0
-77.998,-71.784,9,151,95.3,-1.83,-28.4,30.7,188.2,1.78,0.47,97.3
-74.223,-144.357,1,122,46.0,-1.49,-17.9,13.0,48.3,1.04,2.13,46.9
-64.876,-28.075,9,131,43.6,0.11,-13.5,21.9,340.1,1.25,3.31,43.8
-74.332,46.645,5,325,71.7,-1.47,-23.4,29.3,295.4,1.13,1.05,72.7
-60.136,-23.894,1,310,3.3,0.54,-0.9,30.3,146.4,0.66,0.92,4.0
-63.995,-127.321,4,141,16.5,0.07,-3.4,19.0,37.8,1.67,1.19,17.1
-72.482,115.684,8,49,76.2,-0.91,-18.7,25.4,218.7,1.62,0.49,78.2
-70.988,-55.738,12,348,59.0,-0.81,-16.1,36.4,171.7,0.32,0.28,60.1
-75.201,-134.507,7,291,87.5,-1.68,-23.3,41.1,254.7,0.52,0.96,89.5
-74.704,175.049,8,258,78.7,-1.07,-24.5,31.6,332.6,0.49,1.27,79.6
-72.498,97.408,2,325,39.2,-0.9,-14.5,11.1,20.7,1.36,2.2,40.2
-62.262,166.38,7,347,39.8,0.52,-7.3,24.1,359.3,1.61,2.67,40.0
-66.907,147.919,12,4,40.3,-0.14,-9.2,14.0,266.0,1.72,3.07,41.6
-68.494,39.31,10,230,64.6,-0.38,-12.1,24.4,81.0,0.23,2.17,65.4
-60.855,-27.82,7,88,32.4,0.35,-1.9,14.2,194.1,1.4,0.8,32.1
-72.716,-103.296,12,324,56.8,-1.24,-20.8,39.5,231.5,1.5,0.36,58.1
-66.881,-4.224,6,4,52.2,-0.36,-14.1,5.2,320.5,0.42,1.28,52.4
-69.143,-149.492,9,79,60.8,-0.32,-20.7,33.5,90.0,0.9,1.17,61.8
-61.941,13.114,5,56,36.3,0.52,-5.7,10.2,269.0,0.11,3.43,37.0
-76.008,-77.436,3,203,59.7,-1.62,-27.0,29.6,341.4,1.73,2.72,60.8
-69.197,-1.596,11,66,47.2,-0.42,-12.2,23.6,332.5,1.53,1.48,47.3
-76.058,-172.385,3,177,61.4,-1.37,-25.4,30.1,123.2,1.76,2.04,63.0
-72.79,-5.065,7,127,77.1,-0.94,-24.3,15.4,41.4,0.55,1.43,79.0
-70.275,-9.399,2,359,44.9,-0.66,-17.5,36.6,226.4,0.35,0.69,45.9
-73.07,-110.816,3,219,41.8,-1.3,-16.2,19.1,189.0,1.29,3.52,42.4
-70.331,-157.914,7,330,57.6,-0.97,-19.5,39.9,256.2,0.52,2.59,58.3
-77.99,57.755,6,109,82.7,-1.93,-27.5,20.9,90.8,0.94,0.67,83.9
-65.959,65.866,3,170,25.0,0.06,-7.3,26.8,217.7,0.51,1.49,25.6
-76.43,-141.708,11,309,67.2,-1.53,-22.0,29.2,68.6,1.3,2.26,67.9
-68.162,-56.557,12,243,50.0,-0.61,-11.2,6.6,69.0,1.04,1.03,51.4
-62.638,146.453,6,188,34.8,0.46,-3.8,7.5,150.8,1.68,2.14,34.1
-67.215,70.814,3,149,22.8,-0.26,-8.7,30.7,266.7,0.78,3.18,24.0
-60.512,-120.413,9,197,35.1,0.56,-3.9,12.7,1.3,1.07,2.45,34.4
-61.285,4.606,9,363,40.8,0.38,-3.0,16.0,96.7,0.3,1.07,41.0
-72.747,50.262,5,69,57.9,-0.9,-19.1,14.2,296.4,1.01,0.26,58.9
-67.107,-47.12,2,362,37.4,-0.43,-13.6,38.2,106.2,1.77,2.5,37.4
-71.601,82.972,5,91,53.8,-1.2,-17.4,37.1,338.0,1.09,2.27,55.3
-60.978,-87.356,11,325,25.3,0.39,-4.3,17.0,73.4,1.17,3.78,25.3
-69.971,82.732,7,189,58.3,-0.7,-17.9,22.0,293.6,0.4,1.72,60.3
-74.753,-78.464,5,84,76.9,-1.16,-21.5,12.0,51.7,0.82,1.0,78.6
-70.755,80.75,3,7,45.8,-0.87,-19.8,35.6,274.8,1.2,0.44,46.6
-76.495,-128.651,11,308,65.3,-1.31,-21.7,8.9,265.0,0.68,1.84,66.2
-69.352,22.626,8,84,61.3,-0.61,-19.3,25.1,96.3,1.02,0.3,61.7
-68.196,-143.076,7,73,49.5,-0.6,-17.6,19.3,127.2,0.59,3.0,51.0
-65.638,77.346,2,252,18.2,-0.32,-11.8,40.4,128.6,1.15,0.93,19.7
-61.442,142.411,10,78,25.4,0.52,-4.6,30.1,54.1,1.23,1.58,26.2
-71.729,-142.588,8,339,70.5,-1.07,-17.3,34.6,284.0,1.56,2.22,72.2
-75.361,-126.799,8,245,91.5,-1.67,-26.2,31.9,52.1,0.65,0.27,93.8
-71.653,-2.086,8,356,82.3,-0.86,-19.3,10.1,339.9,1.67,0.76,83.7
-68.303,-2.663,9,118,57.5,-0.4,-16.2,26.4,249.7,1.37,2.09,58.0
-77.948,177.806,1,186,68.9,-1.52,-22.5,7.2,125.8,1.54,2.06,71.0
-72.695,-128.11,9,216,69.3,-0.87,-25.2,10.1,346.3,1.3,1.01,70.1
-60.632,-46.194,12,55,18.4,0.36,0.2,37.2,10.9,0.72,0.76,17.6
-67.755,112.936,3,94,33.1,-0.59,-11.5,40.1,169.3,1.33,1.97,34.1
-77.762,-139.944,1,329,57.7,-1.62,-25.6,5.4,299.8,1.26,2.53,59.5
-63.069,150.894,9,157,46.5,0.23,-11.0,41.0,187.7,1.76,0.69,46.6
-66.857,-101.194,3,287,32.8,-0.51,-9.0,22.7,235.0,0.79,1.75,32.6
-71.313,-27.28,5,56,49.8,-0.95,-16.0,17.4,86.2,0.38,0.6,50.4
-77.802,147.487,4,283,66.4,-1.51,-28.4,8.1,205.2,0.18,2.43,68.3
-77.135,-146.444,5,5,86.7,-1.53,-22.6,23.5,113.2,0.76,0.63,87.6
-65.856,-60.725,12,258,24.5,0.07,-12.6,26.7,137.6,1.1,3.79,24.9
-75.272,-13.282,11,48,80.0,-1.58,-26.0,30.2,50.7,1.32,1.82,81.8
-60.139,39.146,9,175,31.5,0.46,-5.9,28.1,338.5,0.17,3.0,32.1
-73.696,178.923,10,39,81.8,-1.16,-18.4,8.6,5.4,1.4,0.65,83.7
-63.647,142.249,8,49,45.3,-0.0,-11.0,7.5,207.5,0.7,0.53,46.3
-69.707,175.012,5,227,55.4,-0.86,-19.0,26.0,14.3,1.56,1.35,57.3
-61.491,-133.566,6,263,38.9,0.76,-6.5,30.2,182.1,0.55,3.3,39.5
-66.829,51.792,12,126,39.8,-0.21,-13.9,8.9,135.3,1.07,3.19,40.2
-62.265,60.894,6,239,33.9,0.41,-4.0,9.0,64.9,0.28,3.8,33.9
-70.204,-35.453,2,163,36.9,-0.65,-17.2,32.4,41.2,0.87,2.23,38.8
-75.381,-103.151,10,17,88.0,-1.27,-28.2,34.9,284.2,1.76,0.42,89.3
-77.587,93.102,7,139,85.8,-1.94,-31.3,15.1,29.4,1.59,0.79,87.8
-74.146,141.506,3,28,46.9,-1.02,-21.9,32.9,59.2,0.69,1.58,48.3
-65.601,-122.152,12,224,28.8,0.04,-10.3,5.4,281.9,1.12,0.68,29.7
-66.903,-63.456,12,163,26.3,-0.02,-7.7,23.5,113.9,1.45,3.02,26.3
-64.999,175.766,3,325,23.5,0.29,-11.1,13.1,352.5,0.81,2.6,23.5
-71.204,-54.689,4,348,51.9,-1.15,-14.7,5.6,322.8,0.95,2.75,53.3
-66.32,-15.841,7,181,50.2,-0.15,-12.6,33.3,40.8,0.4,1.54,50.4
-67.292,15.395,7,146,63.3,-0.2,-14.6,15.5,223.3,1.67,2.26,65.1
-63.493,-142.628,11,9,34.0,0.16,-7.4,32.8,333.8,0.27,1.95,34.6
-77.413,-75.634,7,109,84.6,-1.75,-29.2,12.2,169.0,0.31,1.57,87.3
-70.567,115.35,12,203,38.4,-0.84,-18.5,15.5,316.7,0.55,3.19,40.1
-70.535,-93.04,7,17,57.6,-0.97,-19.7,35.2,295.2,1.12,1.13,59.7
-60.129,-92.941,7,99,34.9,0.62,-7.8,39.5,154.5,1.7,1.74,35.7
-70.744,-65.475,3,224,38.3,-0.67,-18.9,9.4,207.7,0.77,2.93,40.3
-62.928,-122.741,6,105,28.6,0.01,-11.3,33.5,55.1,1.15,2.45,30.1
-67.708,-170.896,12,67,48.4,-0.29,-10.1,11.9,234.9,0.48,0.88,49.7
-64.926,110.555,7,134,51.7,-0.12,-7.4,28.2,229.8,1.08,0.58,52.1
-67.274,-141.452,5,135,52.1,-0.55,-12.6,18.4,301.8,0.76,1.67,52.1
-76.676,165.318,2,108,65.3,-1.69,-25.4,38.6,291.1,0.41,0.25,66.4
-67.789,38.396,1,61,43.4,-0.09,-11.9,27.7,196.7,0.37,2.69,44.9
-74.529,-169.36,1,266,56.5,-1.53,-18.2,9.2,78.1,0.66,0.85,58.2
-61.083,-83.667,8,103,46.7,0.46,-5.3,15.9,268.3,0.94,1.87,46.8
-74.525,-117.735,11,144,77.7,-1.56,-20.3,26.7,59.6,0.45,1.45,79.0
-69.969,34.679,5,164,55.7,-0.62,-16.9,26.0,134.6,1.18,0.44,56.2
-77.392,4.088,10,210,80.8,-1.52,-26.4,40.7,126.8,0.15,0.46,82.2
-63.764,-51.212,2,111,21.7,0.1,-3.7,9.5,114.7,0.12,1.76,21.8
-63.686,143.548,9,34,42.1,0.25,-8.9,8.8,100.1,1.13,3.19,43.3
-76.653,141.359,7,350,92.8,-1.72,-28.6,12.3,289.0,0.95,1.24,94.6
-75.766,-118.39,6,303,77.2,-1.44,-27.0,28.8,308.2,1.78,1.8,78.6
-62.85,-34.988,9,271,32.4,0.39,-11.4,8.5,288.9,1.33,1.37,33.5
-70.794,20.322,6,253,65.2,-0.86,-16.8,21.8,305.5,1.74,0.51,66.1
-66.876,-169.456,1,6,23.6,0.04,-7.6,31.8,81.5,0.25,3.31,24.6
-63.309,13.521,1,353,26.3,0.1,-3.3,9.1,341.0,0.23,1.68,26.7
-63.375,-82.832,3,71,20.8,0.0,-7.1,10.5,210.3,1.55,4.11,21.5
-65.972,7.835,4,296,32.5,-0.14,-11.7,33.6,173.8,0.26,3.16,33.6
-71.646,120.795,4,338,54.8,-0.7,-16.2,7.8,178.1,0.46,2.09,55.8
-71.069,-4.448,6,107,70.2,-0.68,-18.6,16.6,340.0,1.3,1.57,72.0
-76.098,-133.178,6,198,90.2,-1.32,-25.6,33.9,67.7,0.57,0.33,91.5
-62.343,53.418,3,237,23.2,0.52,-6.3,38.1,67.3,0.15,3.07,23.4
-73.22,153.694,2,182,48.7,-1.35,-19.1,23.8,19.1,0.56,0.59,50.3
-64.824,-27.868,5,97,34.1,0.09,-9.0,23.3,156.1,1.26,2.67,35.5
-74.048,-160.87,1,295,50.0,-1.51,-23.7,13.4,223.3,1.32,1.43,50.9
-64.789,136.63,5,254,30.1,0.21,-10.4,15.7,214.7,1.35,0.73,30.7
-65.392,-8.367,5,353,32.7,-0.16,-13.4,11.9,324.0,0.34,0.41,33.5
-71.987,-116.095,5,40,53.4,-0.81,-23.1,18.0,170.6,0.1,2.7,54.8
-77.187,-173.739,11,149,84.0,-1.67,-29.0,10.4,33.8,0.62,1.25,85.9
-64.773,176.326,5,340,35.6,-0.04,-13.0,18.0,255.7,1.62,3.08,37.0
-61.761,34.468,2,139,15.6,0.59,-7.0,41.2,308.3,1.22,1.05,15.9
-73.601,86.764,7,185,71.6,-1.44,-19.5,19.0,38.9,0.57,1.47,73.0
-61.577,175.439,9,90,32.7,0.59,-3.1,19.5,150.2,1.79,1.49,32.0
-68.639,-56.421,10,63,54.5,-0.53,-11.6,34.3,103.8,1.75,1.63,55.6
-69.606,-125.918,5,320,53.2,-0.84,-15.9,7.4,106.1,0.87,0.88,54.8
-75.778,-4.188,1,221,57.5,-1.29,-26.5,10.1,316.3,1.43,1.57,60.1
-67.907,163.327,12,139,32.2,-0.26,-13.2,39.0,104.7,0.15,3.78,32.6
-65.787,-40.953,7,51,59.3,0.15,-11.3,11.4,156.9,1.59,2.29,59.3
-64.182,-89.993,7,284,40.1,0.0,-11.4,39.3,166.0,0.41,2.94,41.4
-76.271,9.566,12,161,67.3,-1.45,-25.4,18.1,168.0,1.73,1.23,69.7
-77.524,96.037,2,72,66.7,-1.85,-27.1,24.0,45.8,1.02,1.48,68.2
-64.404,-38.643,7,344,36.9,0.27,-7.1,22.0,19.6,0.19,3.22,37.6
-71.997,-144.936,5,290,59.6,-1.07,-22.7,32.4,242.8,1.36,0.39,60.6
-75.405,86.553,8,70,79.8,-1.33,-22.8,16.1,111.9,1.78,0.18,81.3
-65.62,-138.705,1,79,28.7,-0.31,-12.0,12.6,170.5,1.52,2.07,28.7
-75.807,-34.359,3,121,67.4,-1.47,-20.4,30.2,309.4,1.15,1.17,69.0
-74.673,114.678,11,124,62.3,-1.19,-22.5,22.6,104.4,1.23,2.55,63.8
-65.981,-39.172,12,55,32.2,0.06,-12.7,15.5,43.2,0.76,2.49,32.1
-66.292,56.589,8,22,63.1,-0.26,-15.9,37.6,165.0,0.12,0.61,64.1
-62.502,-104.119,12,269,19.2,0.09,-3.9,18.0,258.9,0.68,3.42,19.9
-72.99,94.539,5,202,54.7,-0.9,-20.7,40.6,218.1,0.41,2.2,56.1
-66.14,-86.679,12,166,35.2,-0.1,-9.5,35.7,24.3,0.15,2.94,35.3
-66.025,-0.204,11,244,36.6,-0.3,-8.7,38.9,286.4,0.28,3.41,37.6
-71.086,170.395,2,32,45.2,-1.07,-13.4,7.7,274.8,1.13,2.93,46.9
-72.219,71.541,7,69,82.6,-0.95,-23.4,14.3,157.5,0.59,0.47,83.5
-63.351,111.122,4,45,25.8,0.31,-4.9,12.5,291.6,1.62,1.8,25.9
-68.162,-154.093,3,350,39.7,-0.19,-11.2,23.4,299.7,1.07,1.92,40.1
-66.867,21.131,3,35,29.5,-0.18,-7.5,26.1,45.8,0.98,0.76,30.0
-77.073,14.594,1,115,71.2,-1.8,-22.1,19.4,128.8,1.58,0.52,72.4
-68.38,-93.097,9,313,60.1,-0.52,-19.2,30.8,39.9,0.9,2.54,60.9
-77.46,-58.304,5,103,74.9,-1.57,-29.6,25.2,264.2,1.67,1.43,77.5
-73.759,-153.752,10,313,76.9,-1.05,-26.2,41.3,342.0,1.12,1.28,77.8
-68.074,160.776,5,22,39.0,-0.42,-15.9,18.0,171.9,1.43,3.3,39.5
-61.238,-170.513,4,274,19.3,0.46,-1.9,5.7,173.6,0.76,2.0,18.7
-65.376,17.836,2,225,16.3,0.02,-5.0,18.0,123.5,1.66,1.46,15.9
-77.819,-31.296,9,291,82.4,-1.59,-25.8,14.2,20.5,0.2,0.84,83.7
-72.346,36.87,4,150,46.7,-1.08,-17.5,29.3,27.5,1.7,0.93,48.2
-63.358,143.15,4,228,28.5,0.5,-4.0,15.8,235.3,1.0,1.4,29.0
-68.938,-160.561,7,362,70.9,-0.55,-19.8,38.7,302.9,0.99,0.83,72.2
-75.791,80.968,3,19,70.1,-1.37,-21.7,21.8,41.1,0.95,0.28,71.2
-71.085,117.784,2,31,38.5,-0.77,-16.2,36.9,138.5,0.18,1.04,39.0
-70.24,-161.187,5,17,55.0,-0.81,-20.5,27.5,321.5,1.67,2.73,56.9
-67.363,92.611,6,319,50.2,-0.37,-11.8,32.2,20.6,0.29,1.42,51.4
-65.797,129.065,9,238,49.9,0.03,-9.9,14.6,345.7,0.89,3.19,50.0
-61.661,-78.948,11,141,17.2,0.32,-4.5,17.5,142.1,1.15,1.98,17.7
-63.916,111.693,10,7,32.5,0.2,-10.2,14.8,64.4,0.89,1.97,33.0
-60.614,-7.125,9,112,32.3,0.66,-8.2,38.2,198.5,1.72,1.97,32.3
-63.839,-86.565,8,66,41.3,-0.03,-6.6,29.3,83.8,1.21,0.93,41.7
-70.074,-65.76,9,117,56.9,-0.57,-19.9,14.5,244.2,1.56,1.19,58.6
-67.19,-54.097,2,260,28.8,-0.29,-12.8,17.1,133.7,1.5,1.96,29.9
-62.235,-128.491,6,311,40.2,0.29,-7.2,29.1,169.4,1.75,2.4,40.0
-77.197,154.911,10,14,76.4,-1.86,-28.8,31.5,267.1,1.43,1.48,79.1
-71.181,29.767,11,77,54.9,-0.55,-21.4,7.9,336.8,0.48,1.64,56.4
-68.132,-29.491,12,63,47.1,-0.41,-16.5,22.5,188.8,0.85,1.12,48.7
-72.725,-92.15,4,186,50.0,-1.18,-15.5,30.6,160.2,1.73,1.49,50.3
-67.912,-152.48,6,335,53.1,-0.56,-12.1,13.5,298.0,1.78,2.86,53.4
-61.633,62.678,11,71,27.6,0.65,-6.0,9.4,147.1,0.96,0.96,27.9
-62.134,-108.682,3,233,5.3,0.18,-5.8,25.5,334.8,1.36,1.08,4.8
-70.234,68.417,2,68,40.4,-0.7,-15.9,20.6,45.9,1.28,1.13,41.1
-71.937,116.898,6,303,69.0,-1.19,-18.2,7.7,331.5,1.71,2.15,70.5
-64.667,-23.152,8,359,42.2,-0.14,-8.6,38.9,337.2,0.24,3.23,42.9
-71.342,53.786,7,165,68.7,-0.87,-19.1,40.0,34.9,0.61,0.94,70.1
-61.849,28.738,7,147,34.7,0.33,-9.2,10.3,293.0,1.35,3.87,34.7
-68.656,27.05,10,161,47.8,-0.63,-18.4,15.1,158.0,1.61,1.17,49.7
-60.201,91.249,4,342,9.2,0.43,-1.5,23.8,60.8,1.12,0.65,9.9
-68.318,-109.752,8,14,59.1,-0.59,-12.2,20.8,160.1,0.31,1.41,60.7
-65.107,150.906,2,228,30.8,-0.01,-11.1,10.1,100.2,1.24,3.97,32.0
-64.603,-99.921,2,168,14.5,-0.04,-7.5,32.2,241.9,0.23,3.46,15.7
-77.31,-143.842,12,267,67.1,-1.5,-24.4,37.5,12.8,1.18,0.24,68.1
-71.228,159.538,11,101,52.7,-1.07,-15.6,32.1,101.7,0.44,2.74,54.6
-62.571,89.801,1,223,7.8,0.38,-6.9,11.6,150.5,0.55,2.25,8.3
-66.521,-5.676,11,93,49.3,-0.0,-8.6,29.7,176.5,1.17,2.06,49.9
-72.682,-101.185,5,215,71.7,-1.17,-18.8,9.3,167.3,0.64,0.43,73.3
-65.313,98.525,8,251,53.7,0.07,-15.4,14.9,77.4,1.55,1.41,54.7
-72.183,62.996,7,201,78.9,-1.04,-22.9,7.0,174.8,0.47,1.26,79.6
-69.943,-100.328,3,275,35.1,-0.61,-11.2,27.7,118.7,1.13,0.42,36.2
-63.557,-147.509,12,171,33.1,0.37,-6.1,29.2,186.7,0.72,1.08,32.8
-68.357,129.5,4,149,46.9,-0.21,-14.6,13.0,264.0,1.7,0.41,46.9
-61.074,-143.093,7,249,26.6,0.42,-9.3,28.4,247.7,0.16,3.31,27.7
-71.199,-35.73,12,139,57.6,-1.11,-17.1,31.0,263.7,0.13,2.19,58.8
-61.458,-145.6,10,201,25.7,0.56,-6.9,17.0,184.4,0.14,1.47,25.5
-73.243,56.178,8,193,74.0,-1.38,-18.9,25.8,174.0,1.64,1.21,74.8
-77.69,-1.067,7,191,96.3,-1.63,-29.0,26.4,9.0,1.41,0.54,98.2
-76.039,-68.18,3,323,70.9,-1.77,-25.9,37.0,176.3,0.52,0.49,72.9
-69.477,80.292,10,120,49.8,-0.62,-17.2,32.4,300.4,0.16,2.31,51.1
-62.314,-83.468,4,288,26.6,0.41,-6.3,29.1,115.9,1.31,2.39,27.6
-60.13,-150.684,2,218,10.4,0.61,1.1,11.0,269.3,0.38,2.46,11.1
-77.297,-27.294,3,321,71.6,-1.71,-23.0,25.2,143.8,0.6,1.08,72.8
-61.405,63.606,9,166,39.1,0.43,-4.8,10.2,188.4,0.45,2.41,39.7
-68.651,-89.554,8,108,71.6,-0.25,-14.5,36.5,48.7,0.99,1.87,71.6
-70.507,-125.874,2,3,37.3,-0.95,-13.8,24.9,119.2,0.2,1.96,37.6
-71.692,21.296,4,177,54.5,-0.67,-19.7,35.4,312.5,1.09,1.11,56.0
-70.741,-88.29,9,329,71.1,-1.05,-21.7,32.0,100.8,0.55,0.41,73.1
-67.428,95.78,6,295,57.2,-0.28,-15.5,34.9,313.7,1.24,1.5,57.6
-63.899,176.071,2,315,11.9,-0.04,-3.2,17.0,322.5,0.19,2.76,12.0
-66.033,-62.248,9,61,47.0,-0.2,-10.2,31.1,127.8,1.53,1.27,46.9
-67.103,-102.996,3,325,38.2,-0.16,-8.1,25.7,176.4,1.44,2.68,38.8
-70.163,-54.655,1,188,48.9,-0.55,-16.3,20.7,222.1,1.59,3.02,49.4
-71.264,155.949,1,101,44.3,-0.85,-20.6,16.5,33.9,0.73,1.12,46.4
-67.078,-167.93,5,329,43.2,-0.56,-10.8,14.4,225.1,1.75,2.95,44.6
-61.304,179.003,11,233,24.2,0.5,-1.3,32.8,290.7,0.16,0.51,24.9
-75.243,85.031,3,43,57.1,-1.21,-25.7,28.6,22.4,0.27,1.69,59.7
-74.505,41.041,1,171,63.0,-1.11,-22.6,31.2,326.1,1.1,2.48,64.5
-61.07,-34.858,11,343,14.8,0.37,-1.9,10.5,96.0,0.39,0.63,15.1
-65.603,-32.669,11,2,34.9,-0.04,-13.3,22.3,301.0,0.25,3.65,35.0
-61.476,-114.3,2,96,7.3,0.57,-6.6,11.3,3.8,1.18,2.63,8.3
-61.022,-69.198,11,329,32.3,0.78,-1.9,32.3,111.8,0.74,1.41,31.9
-67.829,-30.966,4,140,46.8,-0.58,-14.1,30.8,95.2,0.93,2.07,47.4
-66.447,-18.118,11,352,48.1,-0.47,-8.8,19.3,193.7,0.46,2.4,48.4
-63.404,106.658,4,176,28.3,0.23,-3.7,34.4,32.7,1.41,1.37,28.4
-77.434,-138.493,11,324,71.8,-1.94,-26.0,18.8,136.0,1.1,0.27,74.0
-66.67,132.958,1,82,28.5,-0.33,-9.1,8.7,328.7,0.62,2.16,28.5
-77.609,111.32,8,304,94.2,-1.78,-29.5,35.9,90.9,0.73,0.47,96.5
-72.597,169.476,4,260,47.1,-1.09,-21.0,26.4,213.5,0.38,0.81,48.1
-67.257,71.147,9,102,65.3,-0.27,-17.0,29.5,283.9,0.19,0.43,66.9
-75.454,-55.403,7,85,82.8,-1.35,-27.9,11.4,110.7,0.41,1.48,84.5
-64.966,-124.51,9,192,38.8,-0.19,-14.1,25.3,141.9,0.46,1.94,39.4
-69.657,-92.613,2,199,30.8,-0.48,-17.1,33.6,323.3,1.49,3.09,31.7
-70.911,-154.204,8,343,75.2,-0.76,-21.6,27.5,276.4,0.73,0.82,77.2
-67.01,90.606,2,331,24.0,-0.27,-14.1,16.2,33.4,0.75,1.12,24.2
-72.4,63.098,8,18,70.6,-0.75,-24.0,19.7,186.2,0.28,1.87,71.9
-64.812,56.113,7,7,41.4,-0.19,-10.6,30.4,4.2,1.21,2.52,41.9
-77.019,-27.007,12,325,62.0,-1.48,-22.0,23.6,281.2,1.31,2.28,64.3
-75.99,-115.618,7,273,90.6,-1.3,-29.6,5.3,341.4,1.3,0.44,92.6
-66.939,133.994,7,25,54.5,-0.54,-10.7,22.0,18.0,1.12,1.28,55.1
-65.85,96.06,1,278,22.7,-0.24,-9.8,21.5,107.2,0.16,0.86,23.7
-68.437,-37.363,3,44,36.7,-0.7,-15.5,23.3,321.4,0.69,1.94,37.9
-61.462,145.289,12,269,19.3,0.22,-5.0,6.4,219.4,1.33,3.83,18.9
-68.773,81.144,6,327,61.2,-0.56,-19.4,40.2,92.5,1.21,2.41,63.0
-70.198,-138.087,4,293,42.2,-0.83,-15.7,36.6,87.8,1.46,1.54,43.2
-64.307,-22.7,12,353,32.9,-0.03,-6.2,27.4,327.5,1.25,1.35,33.1
-77.663,-30.843,3,141,62.1,-1.69,-21.7,16.8,79.7,0.13,1.02,62.8
-72.819,76.332,8,302,75.1,-1.02,-21.7,22.6,200.8,0.68,0.79,77.1
-75.268,127.568,8,108,85.5,-1.62,-26.3,19.9,237.9,1.07,0.26,87.2
-60.271,-150.087,12,272,11.3,0.54,-3.5,30.0,10.6,1.16,1.21,11.2
-70.232,178.497,1,146,43.1,-0.73,-17.3,39.1,47.4,1.13,3.04,43.5
-74.071,177.167,10,149,67.5,-1.46,-20.7,32.2,144.4,0.79,1.86,68.8
-67.214,-65.015,6,323,43.2,-0.07,-9.7,33.2,114.4,1.01,1.57,44.4
-69.093,-12.991,8,81,72.8,-0.76,-18.6,24.7,120.3,0.89,0.54,74.7
-71.1,55.118,7,211,62.9,-1.12,-21.6,27.6,181.2,0.24,1.6,64.2
-77.589,39.533,3,292,69.0,-1.63,-21.8,5.8,216.5,1.44,1.04,70.5
-74.525,148.754,8,189,86.9,-1.47,-24.6,31.4,71.9,0.33,0.23,87.7
-67.603,-14.691,11,309,44.2,-0.51,-15.6,22.1,230.9,1.47,2.96,45.9
-61.64,-91.849,12,36,8.6,0.19,-2.5,37.1,358.4,1.57,0.79,8.6
-73.319,77.752,2,311,53.3,-1.13,-23.1,22.8,261.4,0.6,1.39,55.4
-64.162,-49.186,12,262,29.5,0.09,-5.1,8.8,304.9,1.39,2.56,30.3
-65.004,-48.073,11,174,29.5,-0.15,-9.6,14.8,118.8,1.28,2.11,30.5
-64.455,92.513,6,152,45.6,-0.02,-10.0,14.5,99.1,0.16,0.74,46.2
-77.533,136.861,10,186,89.7,-1.85,-26.0,26.0,109.7,1.31,0.98,90.9
-63.506,-133.721,10,150,45.9,0.07,-10.4,36.5,210.0,0.35,0.35,46.3
-68.845,133.284,9,208,61.1,-0.29,-12.5,28.8,211.4,0.95,1.53,61.7
-61.331,53.416,9,247,30.1,0.75,-9.8,40.0,123.3,0.63,1.21,30.2
-63.996,104.139,11,101,30.5,0.12,-4.7,38.5,302.4,1.54,3.29,30.8
-73.889,-107.089,11,17,64.3,-1.47,-23.2,7.5,199.2,1.01,1.95,66.5
-60.532,-159.849,10,268,23.7,0.48,-2.2,30.5,234.3,0.52,3.17,23.7
-77.276,39.29,9,143,81.5,-1.89,-25.4,7.4,325.1,0.99,0.26,82.8
-67.458,29.257,8,51,59.6,-0.17,-16.1,28.5,70.7,0.3,0.46,60.0
-68.237,-102.602,8,154,62.8,-0.39,-12.8,9.1,319.1,1.42,0.7,64.2
-66.941,-15.748,1,129,36.1,-0.2,-10.7,11.5,182.6,0.97,3.68,36.4
-62.389,-90.352,5,348,29.2,0.25,-6.3,41.2,340.5,0.93,1.59,30.4
-69.531,-121.273,2,222,41.2,-0.87,-11.1,17.7,247.3,1.5,0.96,41.3
-73.828,-69.408,5,164,71.4,-1.24,-20.2,39.3,75.7,1.24,0.86,72.2
-70.868,-118.16,3,313,47.4,-0.91,-15.9,22.5,214.3,0.81,2.5,48.0
-73.269,156.359,5,190,57.1,-1.24,-22.1,32.6,161.9,0.82,1.29,58.4
-64.28,-34.531,7,182,49.3,-0.11,-10.3,15.1,294.7,0.44,2.24,49.5
-63.014,-171.476,7,196,38.7,0.32,-10.6,13.0,181.1,1.56,0.7,38.8
-72.141,-7.314,12,304,52.9,-0.7,-22.1,29.4,247.6,1.65,1.64,53.9
-67.079,-44.993,2,29,32.4,-0.42,-11.6,39.2,40.0,0.33,3.1,32.8
-64.046,-31.04,3,78,23.2,0.18,-6.1,21.2,118.0,1.03,3.07,23.6
-63.288,68.245,3,35,26.3,0.36,-3.6,40.4,130.0,1.41,3.31,26.0
-72.217,-98.034,6,171,61.7,-0.71,-22.3,27.3,335.8,0.34,1.8,63.0
-63.491,107.315,9,31,52.0,0.22,-12.7,21.2,11.6,0.96,2.55,53.3
-69.144,26.934,11,35,55.2,-0.53,-11.4,33.9,191.4,1.46,2.56,55.2
-61.395,39.611,4,38,23.0,0.46,-5.3,21.7,317.0,1.36,3.03,22.5
-66.339,-57.669,9,355,58.0,0.09,-9.7,19.9,105.8,1.16,1.27,57.7
-72.197,-125.822,4,300,57.1,-1.1,-18.9,29.6,277.2,1.08,1.19,59.1
-62.39,-125.062,3,106,12.0,0.13,-4.0,39.9,14.2,0.32,2.02,11.4
-62.33,154.248,11,107,21.8,0.17,-1.8,13.6,331.2,1.41,0.52,22.6
-61.001,-135.68,7,14,34.3,0.71,-3.5,19.1,160.9,0.78,1.09,34.2
-63.339,-146.573,3,260,27.3,0.37,-8.6,33.0,43.3,0.93,2.72,28.2
-72.296,-111.247,2,260,44.2,-1.15,-20.9,21.9,2.6,1.47,1.58,46.2
-71.616,160.463,2,223,53.6,-0.82,-19.0,30.9,234.2,1.48,2.7,54.0
-60.644,82.666,6,24,22.0,0.46,-3.8,9.7,56.1,1.28,3.52,21.4
-63.557,131.884,11,151,29.3,0.15,-10.2,11.4,337.1,1.74,3.18,30.5
-74.731,136.468,2,84,45.7,-1.52,-22.0,18.8,302.9,1.16,0.4,46.3
-77.487,-10.619,12,74,79.6,-2.0,-26.9,27.1,189.1,0.37,0.19,82.2
-76.342,175.749,2,244,59.8,-1.62,-20.3,21.3,308.5,1.48,0.25,61.2
-61.808,-87.53,6,337,33.8,0.72,-4.5,8.6,177.4,1.51,2.41,33.3
-68.735,109.961,3,116,40.2,-0.37,-11.4,15.4,221.4,0.52,1.17,41.3
-72.58,75.766,8,343,77.7,-1.04,-17.8,14.9,323.8,0.66,0.84,78.3
-64.745,126.269,12,198,31.5,0.22,-4.4,5.5,228.5,1.52,1.25,31.6
-77.789,-6.921,6,97,88.9,-1.58,-27.5,21.7,77.3,1.16,0.84,90.1
-72.973,96.664,6,173,80.2,-1.29,-22.7,37.3,277.9,0.88,0.33,82.4
-64.261,-85.369,6,219,44.0,0.39,-12.3,13.4,164.7,0.29,2.06,44.3
-62.28,-69.469,7,284,49.4,0.13,-4.2,23.7,143.1,1.7,3.23,49.1
-62.88,-100.131,1,102,22.1,0.21,-4.2,10.6,309.6,0.99,3.67,22.1
-73.852,160.979,9,86,75.8,-1.46,-25.9,28.5,222.5,1.53,1.57,76.9
-61.041,39.48,4,143,7.4,0.84,-3.9,19.4,187.8,0.82,2.7,7.2
-65.012,-72.002,2,129,26.9,0.1,-10.0,32.1,213.8,0.21,3.32,26.8
-69.343,-122.309,4,201,49.9,-0.51,-15.5,12.2,300.4,0.22,3.11,50.5
-61.933,-135.55,12,300,28.3,0.22,-4.8,29.9,273.8,0.12,0.83,28.2
-76.153,46.276,8,119,91.1,-1.66,-29.7,32.5,163.6,0.22,1.3,93.8
-71.855,-82.043,1,196,54.2,-1.09,-16.4,20.8,60.6,1.31,2.65,55.3
-72.76,8.222,2,309,57.7,-0.85,-20.5,36.4,178.0,1.29,1.38,58.2
-76.107,97.18,12,142,74.8,-1.45,-25.4,29.7,90.4,0.71,0.21,76.9
-69.26,30.882,4,303,42.5,-0.73,-10.5,35.6,175.6,1.13,2.15,43.4
-62.333,60.321,1,309,7.8,0.58,-3.1,8.6,34.2,1.74,1.58,8.1
-65.233,37.37,7,21,46.5,0.15,-8.5,26.2,188.2,1.7,2.8,47.2
-64.003,60.865,1,111,22.6,-0.14,-3.0,8.7,331.4,1.46,3.36,23.4
-73.437,114.613,6,181,81.3,-1.32,-22.5,6.8,165.0,1.78,0.59,83.3
-74.231,97.491,9,332,76.0,-1.34,-25.0,35.2,304.1,1.56,0.8,77.9
-64.683,121.045,4,163,35.2,-0.19,-6.4,28.7,112.7,0.95,1.01,35.4
-73.236,74.663,6,173,77.2,-0.9,-19.7,40.5,116.2,0.29,1.22,79.2
-65.396,21.775,9,276,43.7,0.02,-14.9,8.5,256.2,1.65,2.43,45.2
-75.376,-57.541,6,204,70.9,-1.5,-22.0,32.2,315.5,1.46,1.46,73.2
-72.171,-99.063,1,126,49.4,-0.89,-19.7,23.3,300.0,1.77,1.02,50.2
-66.338,-102.251,1,152,23.9,-0.47,-8.9,36.0,149.2,1.04,2.68,24.3
-62.738,29.122,11,295,36.9,0.61,-4.3,31.1,353.5,1.47,1.26,36.9
-61.799,157.292,6,277,30.1,0.72,-8.8,36.8,355.1,0.52,2.39,29.9
-60.342,102.319,9,363,32.8,0.54,-2.0,27.4,259.2,1.32,2.71,33.0
-60.269,-12.497,10,28,27.1,0.63,-3.0,7.4,358.5,0.14,2.12,27.5
-61.875,-8.414,12,76,10.5,0.35,-0.6,15.2,90.7,1.62,0.58,10.7
-70.245,95.171,3,203,36.3,-0.75,-14.9,30.0,119.0,1.07,3.4,38.1
-75.404,14.261,11,301,67.6,-1.74,-23.0,31.3,129.0,0.3,2.35,69.4
-68.464,82.937,12,100,36.2,-0.41,-11.3,11.6,65.2,1.2,2.08,36.2
-76.396,160.613,10,359,90.6,-1.64,-26.9,30.8,49.9,0.68,0.24,92.2
-65.269,136.463,8,47,45.3,-0.09,-13.8,41.5,227.9,0.68,2.65,46.2
-77.633,38.217,9,31,94.6,-1.99,-32.5,41.4,4.5,0.66,0.43,97.3
-67.775,-45.059,2,89,25.7,-0.31,-14.1,13.1,124.3,1.58,3.98,26.8
-67.668,140.917,12,91,38.7,-0.18,-12.7,28.0,336.7,1.61,3.03,38.8
-61.184,156.612,2,179,13.6,0.59,-5.1,8.7,69.5,0.36,3.16,13.5
-69.816,57.056,7,230,73.7,-0.56,-21.1,14.1,50.9,1.73,1.14,75.6
-77.251,-158.895,8,338,95.7,-1.49,-31.4,24.2,238.9,0.64,0.64,97.9
-68.425,-38.093,9,330,54.2,-0.58,-16.1,12.3,339.9,0.82,1.47,54.5
-77.571,-142.445,9,248,92.9,-1.86,-24.5,33.5,277.5,1.29,0.71,93.8
-60.958,-69.437,10,293,31.0,0.65,-2.8,24.8,17.0,0.62,1.07,31.9
-77.056,117.142,7,261,89.5,-1.86,-28.7,30.9,327.8,0.27,1.33,92.2
-65.177,-153.733,4,254,24.4,0.07,-12.7,39.1,74.2,1.27,4.08,24.3
-73.673,112.91,6,91,82.3,-1.0,-23.4,36.0,16.1,0.34,0.54,84.1
-62.125,-27.777,10,364,41.4,0.48,-8.7,37.5,265.2,0.56,2.59,41.7
-70.554,-79.889,4,250,43.2,-1.06,-14.7,6.5,276.2,0.32,2.53,43.4
-75.941,-122.787,8,35,80.8,-1.62,-22.8,14.5,245.1,1.68,0.81,82.4
-72.875,25.239,2,62,46.8,-0.86,-21.0,8.2,304.7,0.44,1.89,47.3
-69.381,-139.894,1,199,32.8,-0.45,-11.6,13.9,221.5,0.84,0.88,33.7
-77.261,156.102,4,108,75.0,-1.97,-29.5,10.7,309.4,0.53,0.52,76.9
-61.772,-159.686,7,79,47.0,0.46,-8.7,28.2,120.9,1.33,0.38,47.4
-62.818,36.598,5,286,22.6,0.34,-7.9,9.1,23.4,0.98,0.48,23.4
-64.967,-64.204,1,74,32.5,0.12,-11.8,5.1,21.0,0.76,2.43,33.8
-64.281,-167.33,9,38,36.8,0.3,-10.1,26.1,139.0,1.27,1.69,38.1
-73.722,-3.398,5,177,75.3,-1.12,-21.7,38.2,163.5,1.6,0.6,76.4
-64.842,166.694,7,132,55.9,-0.05,-14.6,34.8,51.8,0.88,2.17,56.9
-73.914,-35.197,11,181,60.5,-1.29,-18.8,22.0,162.8,1.72,1.4,61.5
-66.023,-132.079,9,106,47.1,-0.01,-11.8,40.1,262.6,1.43,1.41,47.7
-62.476,105.148,6,330,31.4,0.29,-7.1,25.1,162.8,1.64,3.9,32.5
-70.582,-108.212,6,283,70.1,-0.67,-14.6,21.0,339.6,0.14,0.64,71.2
-74.898,174.108,11,289,75.0,-1.28,-22.6,34.6,54.2,0.64,0.65,76.9
-64.273,-4.793,10,314,41.9,0.18,-13.0,8.6,23.5,0.14,3.32,43.3
-72.033,-147.619,6,104,72.0,-0.7,-21.6,7.4,224.4,0.64,2.01,73.3
-71.905,-116.922,5,52,65.7,-1.16,-16.0,11.0,42.6,1.65,1.15,66.9
-66.684,71.951,5,354,49.2,-0.38,-14.9,40.0,327.3,0.27,0.41,50.8
-69.489,-8.323,1,301,43.3,-0.43,-10.7,26.6,65.5,1.62,3.42,44.8
-67.798,138.817,2,190,23.4,-0.6,-13.2,19.6,53.8,1.79,3.59,24.6
-60.692,-64.549,12,43,12.4,0.89,-2.6,28.0,212.5,1.79,2.09,12.0
-68.758,173.533,1,251,33.4,-0.72,-12.0,30.9,94.7,1.79,1.58,33.8
-60.088,56.41,11,42,17.0,0.41,0.4,39.3,3.8,1.08,1.73,16.4
-69.538,-40.177,12,345,40.2,-0.7,-15.9,24.0,357.7,0.82,2.68,40.6
-71.768,-85.828,4,251,47.9,-1.18,-18.4,29.9,290.0,1.65,2.89,49.9
-77.586,-133.731,2,125,56.1,-1.82,-27.9,34.7,280.4,1.57,0.29,57.1
-63.474,133.257,10,37,31.7,0.29,-5.2,22.0,314.4,1.44,0.76,31.3
-65.325,-108.172,12,42,24.5,0.09,-12.3,21.0,246.8,0.46,3.25,25.0
-66.742,-110.65,4,363,45.2,-0.17,-13.5,15.7,243.4,1.57,0.5,45.5
-77.886,-116.694,4,135,65.5,-1.76,-22.7,30.9,253.0,0.23,0.65,66.8
-60.144,-121.528,11,304,16.4,0.63,-1.6,13.1,90.3,0.69,1.47,15.5
-61.97,66.071,5,83,17.9,0.16,-6.5,32.1,223.1,1.49,0.77,18.7
-65.11,-175.68,12,346,21.8,0.04,-5.4,18.4,245.2,1.25,0.68,21.7
-62.885,-17.717,12,246,20.0,0.18,-5.7,25.2,268.2,0.49,1.13,20.7
-70.625,136.791,6,207,61.7,-0.54,-18.5,10.3,270.2,0.81,0.3,62.2
-72.299,176.314,11,77,59.0,-1.3,-17.3,29.5,62.2,1.11,0.72,59.5
-70.957,-126.036,6,102,54.0,-0.89,-20.2,40.3,197.8,0.49,1.61,55.7
-70.209,161.039,3,250,51.3,-0.98,-11.5,7.5,116.4,0.91,1.11,51.6
-61.02,109.304,7,252,25.8,0.44,-8.2,28.3,246.3,0.83,0.87,25.6
-72.926,80.912,12,66,53.5,-0.81,-23.1,21.5,150.1,0.46,1.18,54.5
-62.306,-67.487,8,144,42.8,0.43,-8.8,12.2,45.8,0.65,2.36,44.1
-73.879,33.421,4,128,59.0,-1.25,-24.7,23.9,34.4,1.38,1.84,59.9
-69.163,36.936,12,137,34.9,-0.64,-16.8,33.5,256.3,0.72,3.11,35.9
-73.98,-178.901,6,318,73.3,-1.45,-24.6,16.8,354.7,1.13,1.24,75.5
-66.375,164.781,10,310,40.7,-0.05,-10.3,12.2,287.6,0.58,2.94,41.2
-63.265,-176.071,5,105,23.8,-0.04,-5.8,33.2,28.3,0.89,4.05,23.5
-66.734,19.895,10,228,54.6,-0.47,-14.5,15.2,254.3,0.87,0.72,54.9
-60.79,-135.391,6,283,29.2,0.38,-1.8,18.9,9.2,0.84,1.6,28.7
-66.965,93.791,11,145,39.7,-0.11,-15.9,23.9,260.2,1.31,2.0,41.4
-75.482,-143.189,3,121,51.3,-1.53,-23.6,8.0,123.7,0.22,1.43,52.1
-70.506,104.302,12,80,49.0,-1.01,-18.6,10.9,274.6,1.58,0.97,49.4
-65.697,-171.279,11,358,33.5,-0.37,-12.7,13.6,54.9,1.58,2.16,34.0
-64.393,61.295,1,262,27.8,0.09,-5.7,30.8,198.0,0.17,2.65,27.6
-67.511,-177.425,12,42,39.7,-0.42,-8.9,11.1,76.6,1.01,3.4,40.7
-72.934,20.255,9,199,68.4,-1.28,-21.1,17.4,117.7,0.54,0.47,69.4
-77.481,37.212,11,344,78.5,-1.78,-29.3,6.5,289.7,1.36,1.68,79.9
-67.736,89.018,12,346,33.1,-0.32,-13.9,22.2,233.2,0.49,3.59,34.6
-74.097,-171.427,1,111,61.5,-1.04,-22.9,40.0,139.9,0.66,2.64,63.2
-75.025,-2.994,9,306,77.9,-1.09,-22.0,14.2,221.9,1.6,1.67,79.6
-62.571,160.843,1,156,15.3,0.48,-0.9,8.6,132.5,1.2,4.67,15.7
-71.289,-79.208,11,12,53.6,-1.15,-21.2,10.2,164.5,1.68,3.0,55.8
-75.834,49.216,11,16,80.4,-1.24,-27.1,9.2,260.9,0.87,1.63,82.5
-73.084,-171.879,10,246,61.9,-1.0,-23.8,19.7,135.9,0.16,1.29,63.4
-74.85,-175.223,1,337,48.6,-1.2,-23.4,15.4,172.5,1.46,0.37,49.7
-62.304,-95.465,8,1,51.6,0.11,-6.9,36.7,201.2,1.3,2.54,52.4
-64.635,-76.854,2,307,18.8,0.25,-6.8,18.8,324.7,1.33,2.7,18.9
-66.492,-33.479,10,206,46.1,0.09,-10.3,10.5,242.2,1.61,2.39,46.5
-60.695,-148.88,5,71,19.0,0.52,-3.7,32.9,310.2,0.38,0.6,19.2
-62.525,45.023,10,175,36.2,0.55,-9.6,34.6,50.2,1.49,1.07,37.1
-76.529,-29.169,2,257,62.0,-1.58,-23.1,14.4,198.2,1.7,2.03,63.9
-63.821,-3.895,6,192,40.7,0.11,-7.4,19.5,207.7,1.37,2.6,42.0
-73.935,51.805,3,356,62.2,-1.42,-24.3,34.4,181.6,0.28,0.59,63.1
-60.898,-92.94,7,156,41.6,0.6,-8.5,35.1,8.5,0.15,0.72,41.5
-64.031,-154.319,5,232,42.5,0.09,-9.2,19.9,251.2,0.61,1.58,42.5
-70.287,32.289,8,326,70.6,-1.0,-18.6,6.2,115.1,0.15,1.65,72.5
-71.092,14.046,2,217,46.7,-0.77,-17.3,40.9,176.5,0.15,0.42,47.8
-61.694,-9.046,9,48,29.4,0.6,-4.6,39.1,163.7,1.37,1.29,30.5
-77.382,-68.467,12,232,65.3,-1.77,-29.7,9.8,310.6,1.43,2.36,67.2
-68.963,-13.255,12,290,40.6,-0.29,-12.8,6.8,210.8,1.29,1.96,42.1
-72.719,-121.411,5,308,59.0,-1.3,-22.9,36.0,71.7,0.93,0.27,61.0
-63.478,145.948,7,23,39.8,0.05,-5.9,26.6,177.6,1.31,3.04,41.0
-75.91,-120.804,3,310,62.2,-1.55,-24.1,30.9,7.4,0.99,1.91,64.1
-76.086,-9.483,5,224,74.8,-1.58,-28.3,14.7,341.5,0.71,0.94,77.4
-61.681,135.192,2,13,4.8,0.51,-1.8,21.5,358.7,0.73,1.74,4.1
-63.78,-113.216,7,60,45.9,0.01,-12.1,9.9,252.5,0.12,0.49,47.1
-75.97,59.728,10,272,70.4,-1.29,-28.5,39.1,309.8,1.46,0.6,72.2
-69.383,-144.343,7,284,66.1,-0.58,-14.6,10.4,45.7,0.97,2.16,66.3
-68.759,175.45,10,85,51.1,-0.36,-12.8,18.4,81.1,0.55,0.46,51.8
-62.328,101.028,1,99,19.1,0.64,-5.1,27.4,312.1,1.37,0.96,19.5
-63.772,139.948,11,326,25.7,0.24,-9.4,33.6,155.8,0.15,0.65,25.5
-61.95,-127.597,11,21,23.9,0.37,-5.5,34.9,330.2,0.62,2.54,23.9
-72.453,161.459,9,250,71.4,-0.81,-19.8,30.7,332.4,1.13,1.54,72.8
-69.552,-147.244,8,176,66.5,-0.56,-21.0,28.3,336.3,1.59,1.55,67.3
-61.317,-63.301,4,290,11.2,0.8,-5.9,17.4,243.4,0.57,3.16,11.8
-74.61,40.699,3,353,52.5,-1.22,-22.4,25.1,115.6,1.46,1.92,53.4
-64.957,135.412,11,127,30.6,0.19,-6.7,11.8,233.1,0.94,1.29,31.0
-73.127,24.548,9,175,68.8,-1.06,-24.2,40.8,292.7,1.77,0.22,69.8
-61.186,154.01,8,282,39.6,0.4,-5.4,12.4,18.4,0.83,3.62,40.0
-69.425,-40.722,2,72,31.0,-0.69,-11.4,7.0,305.0,0.57,2.4,31.3
-63.89,153.269,11,217,27.1,0.39,-7.4,5.4,121.5,1.16,1.46,27.4
-73.851,42.592,10,137,81.7,-1.31,-24.7,5.8,210.3,1.4,0.43,84.2
-71.101,15.016,1,83,36.7,-0.7,-12.6,15.0,175.1,0.26,3.28,37.0
-69.729,-120.369,3,113,35.9,-0.95,-13.1,21.1,309.9,1.54,1.91,36.3
-62.749,-32.928,8,227,36.2,0.55,-5.3,32.8,8.3,1.4,1.07,36.8
-70.14,135.053,6,165,51.2,-0.7,-18.4,21.4,74.0,0.35,0.51,53.0
-65.701,-119.383,7,107,45.5,-0.18,-13.7,31.5,323.4,0.75,3.04,47.2
-65.643,22.791,11,358,30.1,0.04,-14.2,26.2,129.4,0.13,2.01,30.8
-70.366,-22.55,6,118,56.9,-0.49,-19.7,10.8,78.9,1.1,1.62,58.2
-74.477,-166.934,7,187,71.3,-1.47,-22.5,10.9,221.6,1.04,0.71,72.9
