iceberg_id,timestamp,latitude,longitude,is_observed,sensor,size_major_km,size_minor_km
a01,1978-07-23 00:00:00+00:00,-60.2193,-48.4826,True,sass,,
a01,1978-07-24 00:00:00+00:00,-60.2179,-48.4879,True,sass,,
a01,1978-07-25 00:00:00+00:00,-60.2165,-48.4931,True,sass,,
a01,1978-07-26 00:00:00+00:00,-60.215,-48.4983,True,sass,,
a01,1978-07-27 00:00:00+00:00,-60.2136,-48.5035,True,sass,,
a01,1978-07-28 00:00:00+00:00,-60.2122,-48.5088,True,sass,,
a01,1978-07-29 00:00:00+00:00,-60.2115,-48.5114,True,sass,,
a01,1978-07-30 00:00:00+00:00,-60.2115,-48.5114,True,sass,,
a01,1978-07-31 00:00:00+00:00,-60.2115,-48.5114,True,sass,,
a01,1978-08-01 00:00:00+00:00,-60.2115,-48.5114,True,sass,,
a01,1978-08-02 00:00:00+00:00,-60.2115,-48.5114,True,sass,,
a01,1978-08-03 00:00:00+00:00,-60.2115,-48.5114,True,sass,,
a01,1978-08-04 00:00:00+00:00,-60.1908,-48.5157,True,sass,,
a01,1978-08-05 00:00:00+00:00,-60.1495,-48.5243,True,sass,,
a01,1978-08-06 00:00:00+00:00,-60.1082,-48.5329,True,sass,,
a01,1978-08-07 00:00:00+00:00,-60.0669,-48.5414,True,sass,,
a01,1978-08-08 00:00:00+00:00,-60.0256,-48.55,True,sass,,
a01,1978-08-09 00:00:00+00:00,-59.9843,-48.5586,True,sass,,
a01,1978-08-10 00:00:00+00:00,-59.9447,-48.5109,True,sass,,
a01,1978-08-11 00:00:00+00:00,-59.9069,-48.407,True,sass,,
a01,1978-08-12 00:00:00+00:00,-59.869,-48.3031,True,sass,,
a01,1978-08-13 00:00:00+00:00,-59.8312,-48.1992,True,sass,,
a01,1978-08-14 00:00:00+00:00,-59.7934,-48.0953,True,sass,,
a01,1978-08-15 00:00:00+00:00,-59.7555,-47.9914,True,sass,,
a01,1978-08-16 00:00:00+00:00,-59.7366,-47.9394,True,sass,,
a01,1978-08-17 00:00:00+00:00,-59.7366,-47.9394,True,sass,,
a01,1978-08-18 00:00:00+00:00,-59.7366,-47.9394,True,sass,,
a01,1978-08-19 00:00:00+00:00,-59.7366,-47.9394,True,sass,,
a01,1978-08-20 00:00:00+00:00,-59.7366,-47.9394,True,sass,,
a01,1978-08-21 00:00:00+00:00,-59.7366,-47.9394,True,sass,,
a01,1978-08-22 00:00:00+00:00,-59.7366,-47.9394,True,sass,,
a01,1978-08-23 00:00:00+00:00,-59.7366,-47.9394,True,sass,,
a01,1978-08-24 00:00:00+00:00,-59.7366,-47.9394,True,sass,,
a01,1978-08-25 00:00:00+00:00,-59.7366,-47.9394,True,sass,,
a01,1978-08-26 00:00:00+00:00,-59.7366,-47.9394,True,sass,,
a01,1978-08-27 00:00:00+00:00,-59.5525,-47.6906,True,sass,,
a01,1978-08-28 00:00:00+00:00,-59.4726,-47.3825,True,sass,,
a01,1978-08-29 00:00:00+00:00,-59.4969,-47.015,True,sass,,
a01,1978-08-30 00:00:00+00:00,-59.5212,-46.6475,True,sass,,
a01,1978-08-31 00:00:00+00:00,-59.5455,-46.28,True,sass,,
a01,1978-09-01 00:00:00+00:00,-59.5698,-45.9125,True,sass,,
a01,1978-09-02 00:00:00+00:00,-59.5941,-45.545,True,sass,,
a01,1978-09-03 00:00:00+00:00,-59.6034,-45.3118,True,sass,,
a01,1978-09-04 00:00:00+00:00,-59.5977,-45.2129,True,sass,,
a01,1978-09-05 00:00:00+00:00,-59.592,-45.114,True,sass,,
a01,1978-09-06 00:00:00+00:00,-59.5863,-45.015,True,sass,,
a01,1978-09-07 00:00:00+00:00,-59.5806,-44.9161,True,sass,,
a01,1978-09-08 00:00:00+00:00,-59.5749,-44.8172,True,sass,,
a01,1978-09-09 00:00:00+00:00,-59.5348,-44.5658,False,sass,,
a01,1978-09-10 00:00:00+00:00,-59.4397,-44.1363,False,sass,,
a01,1978-09-11 00:00:00+00:00,-59.3011,-43.5969,False,sass,,
a01,1978-09-12 00:00:00+00:00,-59.13,-43.0157,False,sass,,
a01,1978-09-13 00:00:00+00:00,-58.9377,-42.461,False,sass,,
a01,1978-09-14 00:00:00+00:00,-58.7356,-42.0009,False,sass,,
a01,1978-09-15 00:00:00+00:00,-58.5349,-41.7037,True,sass,,
a01,1978-09-16 00:00:00+00:00,-58.2811,-41.5138,False,sass,,
a01,1978-09-17 00:00:00+00:00,-57.9468,-41.3367,False,sass,,
a01,1978-09-18 00:00:00+00:00,-57.5838,-41.1821,False,sass,,
a01,1978-09-19 00:00:00+00:00,-57.2438,-41.0597,False,sass,,
a01,1978-09-20 00:00:00+00:00,-56.9786,-40.9792,False,sass,,
a01,1978-09-21 00:00:00+00:00,-56.8399,-40.9502,True,sass,,
a01,1978-09-22 00:00:00+00:00,-56.8008,-40.9558,True,sass,,
a01,1978-09-23 00:00:00+00:00,-56.7617,-40.9615,True,sass,,
a01,1978-09-24 00:00:00+00:00,-56.7227,-40.9671,True,sass,,
a01,1978-09-25 00:00:00+00:00,-56.6836,-40.9728,True,sass,,
a01,1978-09-26 00:00:00+00:00,-56.6445,-40.9784,True,sass,,
a01,1978-09-27 00:00:00+00:00,-56.625,-40.9812,True,sass,,
a01,1978-09-28 00:00:00+00:00,-56.625,-40.9812,True,sass,,
a01,1978-09-29 00:00:00+00:00,-56.625,-40.9812,True,sass,,
a01,1978-09-30 00:00:00+00:00,-56.625,-40.9812,True,sass,,
a01,1978-10-01 00:00:00+00:00,-56.625,-40.9812,True,sass,,
a01,1978-10-02 00:00:00+00:00,-56.625,-40.9812,True,sass,,
a01,1978-10-22 00:00:00+00:00,-56.0,-34.2,True,nic,83.34,46.300000000000004
a01,1978-10-23 00:00:00+00:00,-55.8415,-33.7816,False,nic,,
a01,1978-10-24 00:00:00+00:00,-55.686,-33.3884,False,nic,,
a01,1978-10-25 00:00:00+00:00,-55.5348,-33.0347,False,nic,,
a01,1978-10-26 00:00:00+00:00,-55.3893,-32.7347,False,nic,,
a01,1978-10-27 00:00:00+00:00,-55.2508,-32.5027,False,nic,,
a01,1978-10-28 00:00:00+00:00,-55.1205,-32.3531,False,nic,,
a01,1978-10-29 00:00:00+00:00,-55.0,-32.3,True,nic,83.34,46.300000000000004
a01,1978-11-12 00:00:00+00:00,-53.7,-35.0,True,nic,83.34,37.04
a01,1978-11-13 00:00:00+00:00,-53.7,-35.0,False,nic,,
a01,1978-11-14 00:00:00+00:00,-53.7,-35.0,False,nic,,
a01,1978-11-15 00:00:00+00:00,-53.7,-35.0,False,nic,,
a01,1978-11-16 00:00:00+00:00,-53.7,-35.0,False,nic,,
a01,1978-11-17 00:00:00+00:00,-53.7,-35.0,False,nic,,
a01,1978-11-18 00:00:00+00:00,-53.7,-35.0,False,nic,,
a01,1978-11-19 00:00:00+00:00,-53.7,-35.0,True,nic,83.34,37.04
a01,1978-12-03 00:00:00+00:00,-53.4,-34.4,True,nic,83.34,37.04
a01,1978-12-17 00:00:00+00:00,-53.9,-33.8,True,nic,64.82000000000001,37.04
a01,1979-01-07 00:00:00+00:00,-53.3,-33.0,True,nic,64.82000000000001,37.04
a01,1979-01-08 00:00:00+00:00,-53.3,-32.9697,False,nic,,
a01,1979-01-09 00:00:00+00:00,-53.3,-32.9415,False,nic,,
a01,1979-01-10 00:00:00+00:00,-53.3,-32.9145,False,nic,,
a01,1979-01-11 00:00:00+00:00,-53.3,-32.8878,False,nic,,
a01,1979-01-12 00:00:00+00:00,-53.3,-32.8604,False,nic,,
a01,1979-01-13 00:00:00+00:00,-53.3,-32.8314,False,nic,,
a01,1979-01-14 00:00:00+00:00,-53.3,-32.8,True,nic,64.82000000000001,37.04
a01,1979-02-11 00:00:00+00:00,-51.7,-31.6,True,nic,37.04,22.224
a01,1979-05-06 00:00:00+00:00,-50.2,-26.3,True,nic,37.04,22.224
a02,1978-07-23 00:00:00+00:00,-63.29,-53.76,True,sass,,
a02,1978-07-24 00:00:00+00:00,-63.29,-53.76,True,sass,,
a02,1978-07-25 00:00:00+00:00,-63.29,-53.76,True,sass,,
a02,1978-07-26 00:00:00+00:00,-63.29,-53.76,True,sass,,
a02,1978-07-27 00:00:00+00:00,-63.29,-53.76,True,sass,,
a02,1978-07-28 00:00:00+00:00,-63.29,-53.76,True,sass,,
a02,1978-07-29 00:00:00+00:00,-63.29,-53.76,True,sass,,
a02,1978-07-30 00:00:00+00:00,-63.29,-53.76,True,sass,,
a02,1978-07-31 00:00:00+00:00,-63.29,-53.76,True,sass,,
a02,1978-08-01 00:00:00+00:00,-63.29,-53.76,True,sass,,
a02,1978-08-02 00:00:00+00:00,-63.29,-53.76,True,sass,,
a02,1978-08-03 00:00:00+00:00,-63.29,-53.76,True,sass,,
a02,1978-08-04 00:00:00+00:00,-63.29,-53.76,True,sass,,
a02,1978-08-05 00:00:00+00:00,-63.29,-53.76,True,sass,,
a02,1978-08-06 00:00:00+00:00,-63.29,-53.76,True,sass,,
a02,1978-08-07 00:00:00+00:00,-63.29,-53.76,True,sass,,
a02,1978-08-08 00:00:00+00:00,-63.29,-53.76,True,sass,,
a02,1978-08-09 00:00:00+00:00,-63.29,-53.76,True,sass,,
a02,1978-08-10 00:00:00+00:00,-63.29,-53.76,True,sass,,
a02,1978-08-11 00:00:00+00:00,-63.29,-53.76,True,sass,,
a02,1978-08-12 00:00:00+00:00,-63.29,-53.76,True,sass,,
a02,1978-08-13 00:00:00+00:00,-63.29,-53.76,True,sass,,
a02,1978-08-14 00:00:00+00:00,-63.29,-53.76,True,sass,,
a02,1978-08-15 00:00:00+00:00,-63.29,-53.76,True,sass,,
a02,1978-08-16 00:00:00+00:00,-63.2729,-53.7322,True,sass,,
a02,1978-08-17 00:00:00+00:00,-63.2388,-53.6765,True,sass,,
a02,1978-08-18 00:00:00+00:00,-63.2046,-53.6208,True,sass,,
a02,1978-08-19 00:00:00+00:00,-63.1705,-53.5651,True,sass,,
a02,1978-08-20 00:00:00+00:00,-63.1363,-53.5094,True,sass,,
a02,1978-08-21 00:00:00+00:00,-63.1022,-53.4537,True,sass,,
a02,1978-08-22 00:00:00+00:00,-63.0851,-53.4259,True,sass,,
a02,1978-08-23 00:00:00+00:00,-63.0851,-53.4259,True,sass,,
a02,1978-08-24 00:00:00+00:00,-63.0851,-53.4259,True,sass,,
a02,1978-08-25 00:00:00+00:00,-63.0851,-53.4259,True,sass,,
a02,1978-08-26 00:00:00+00:00,-63.0851,-53.4259,True,sass,,
a02,1978-08-27 00:00:00+00:00,-63.0851,-53.4259,True,sass,,
a02,1978-08-28 00:00:00+00:00,-63.0851,-53.4259,True,sass,,
a02,1978-08-29 00:00:00+00:00,-63.0851,-53.4259,True,sass,,
a02,1978-08-30 00:00:00+00:00,-63.0851,-53.4259,True,sass,,
a02,1978-08-31 00:00:00+00:00,-63.0851,-53.4259,True,sass,,
a02,1978-09-01 00:00:00+00:00,-63.0851,-53.4259,True,sass,,
a02,1978-09-02 00:00:00+00:00,-63.0851,-53.4259,True,sass,,
a02,1978-09-03 00:00:00+00:00,-63.0851,-53.4259,True,sass,,
a02,1978-09-04 00:00:00+00:00,-63.0851,-53.4259,True,sass,,
a02,1978-09-05 00:00:00+00:00,-63.0851,-53.4259,True,sass,,
a02,1978-09-06 00:00:00+00:00,-63.0851,-53.4259,True,sass,,
a02,1978-09-07 00:00:00+00:00,-63.0851,-53.4259,True,sass,,
a02,1978-09-08 00:00:00+00:00,-63.0851,-53.4259,True,sass,,
a02,1978-09-09 00:00:00+00:00,-63.0851,-53.4259,True,sass,,
a02,1978-09-10 00:00:00+00:00,-63.0851,-53.4259,True,sass,,
a02,1978-09-11 00:00:00+00:00,-63.0851,-53.4259,True,sass,,
a02,1978-09-12 00:00:00+00:00,-63.0851,-53.4259,True,sass,,
a02,1978-09-13 00:00:00+00:00,-63.0851,-53.4259,True,sass,,
a02,1978-09-14 00:00:00+00:00,-63.0851,-53.4259,True,sass,,
a02,1978-09-15 00:00:00+00:00,-63.0677,-53.4508,True,sass,,
a02,1978-09-16 00:00:00+00:00,-63.033,-53.5005,True,sass,,
a02,1978-09-17 00:00:00+00:00,-62.9982,-53.5503,True,sass,,
a02,1978-09-18 00:00:00+00:00,-62.9635,-53.6,True,sass,,
a02,1978-09-19 00:00:00+00:00,-62.9287,-53.6498,True,sass,,
a02,1978-09-20 00:00:00+00:00,-62.894,-53.6995,True,sass,,
a02,1978-09-21 00:00:00+00:00,-62.82,-53.6945,True,sass,,
a02,1978-09-22 00:00:00+00:00,-62.7069,-53.6347,True,sass,,
a02,1978-09-23 00:00:00+00:00,-62.5937,-53.5749,True,sass,,
a02,1978-09-24 00:00:00+00:00,-62.4806,-53.5152,True,sass,,
a02,1978-09-25 00:00:00+00:00,-62.3674,-53.4554,True,sass,,
a02,1978-09-26 00:00:00+00:00,-62.2543,-53.3956,True,sass,,
a02,1978-09-27 00:00:00+00:00,-62.1224,-53.2897,True,sass,,
a02,1978-09-28 00:00:00+00:00,-61.9717,-53.1378,True,sass,,
a02,1978-09-29 00:00:00+00:00,-61.8211,-52.9859,True,sass,,
a02,1978-09-30 00:00:00+00:00,-61.6704,-52.834,True,sass,,
a02,1978-10-01 00:00:00+00:00,-61.5951,-52.758,True,sass,,
a02,1978-10-02 00:00:00+00:00,-61.5951,-52.758,True,sass,,
a02,1978-11-12 00:00:00+00:00,-58.0,-47.8,True,nic,55.56,18.52
a02,1979-01-14 00:00:00+00:00,-58.8,-49.0,True,nic,55.56,18.52
a02,1979-02-11 00:00:00+00:00,-58.0,-44.9,True,nic,55.56,18.52
a02,1979-03-04 00:00:00+00:00,-58.0,-44.9,True,nic,55.56,18.52
a02,1979-03-18 00:00:00+00:00,-57.4,-45.9,True,nic,55.56,18.52
a02,1979-10-07 00:00:00+00:00,-56.0,-35.8,True,nic,55.56,18.52
a02,1979-10-08 00:00:00+00:00,-56.0111,-35.6625,False,nic,,
a02,1979-10-09 00:00:00+00:00,-56.0397,-35.4657,False,nic,,
a02,1979-10-10 00:00:00+00:00,-56.0787,-35.2269,False,nic,,
a02,1979-10-11 00:00:00+00:00,-56.1213,-34.9637,False,nic,,
a02,1979-10-12 00:00:00+00:00,-56.1603,-34.6932,False,nic,,
a02,1979-10-13 00:00:00+00:00,-56.1889,-34.4329,False,nic,,
a02,1979-10-14 00:00:00+00:00,-56.2,-34.2,True,nic,55.56,18.52
a02,1979-10-15 00:00:00+00:00,-56.1551,-33.9885,False,nic,,
a02,1979-10-16 00:00:00+00:00,-56.0286,-33.7806,False,nic,,
a02,1979-10-17 00:00:00+00:00,-55.8327,-33.5764,False,nic,,
a02,1979-10-18 00:00:00+00:00,-55.5796,-33.3762,False,nic,,
a02,1979-10-19 00:00:00+00:00,-55.2816,-33.18,False,nic,,
a02,1979-10-20 00:00:00+00:00,-54.951,-32.9879,False,nic,,
a02,1979-10-21 00:00:00+00:00,-54.6,-32.8,True,nic,55.56,18.52
a13,1980-08-10 00:00:00+00:00,-74.0,-27.3,True,nic,55.56,18.52
a13,1980-08-11 00:00:00+00:00,-74.0,-27.3,False,nic,,
a13,1980-08-12 00:00:00+00:00,-74.0,-27.3,False,nic,,
a13,1980-08-13 00:00:00+00:00,-74.0,-27.3,False,nic,,
a13,1980-08-14 00:00:00+00:00,-74.0,-27.3,False,nic,,
a13,1980-08-15 00:00:00+00:00,-74.0,-27.3,False,nic,,
a13,1980-08-16 00:00:00+00:00,-74.0,-27.3,False,nic,,
a13,1980-08-17 00:00:00+00:00,-74.0,-27.3,True,nic,55.56,18.52
a13,1980-09-14 00:00:00+00:00,-74.0,-27.3,True,nic,55.56,18.52
a13,1980-10-05 00:00:00+00:00,-74.7,-34.5,True,nic,55.56,18.52
a13,1980-10-06 00:00:00+00:00,-74.6849,-34.7481,False,nic,,
a13,1980-10-07 00:00:00+00:00,-74.6455,-34.9845,False,nic,,
a13,1980-10-08 00:00:00+00:00,-74.5909,-35.2095,False,nic,,
a13,1980-10-09 00:00:00+00:00,-74.5301,-35.4233,False,nic,,
a13,1980-10-10 00:00:00+00:00,-74.472,-35.6262,False,nic,,
a13,1980-10-11 00:00:00+00:00,-74.4256,-35.8184,False,nic,,
a13,1980-10-12 00:00:00+00:00,-74.4,-36.0,True,nic,55.56,18.52
a13,1980-10-13 00:00:00+00:00,-74.3891,-36.1768,False,nic,,
a13,1980-10-14 00:00:00+00:00,-74.3805,-36.3515,False,nic,,
a13,1980-10-15 00:00:00+00:00,-74.3736,-36.52,False,nic,,
a13,1980-10-16 00:00:00+00:00,-74.3677,-36.6782,False,nic,,
a13,1980-10-17 00:00:00+00:00,-74.3622,-36.822,False,nic,,
a13,1980-10-18 00:00:00+00:00,-74.3565,-36.9473,False,nic,,
a13,1980-10-19 00:00:00+00:00,-74.35,-37.05,True,nic,55.56,18.52
a13,1980-10-20 00:00:00+00:00,-74.342,-37.141,False,nic,,
a13,1980-10-21 00:00:00+00:00,-74.3328,-37.231,False,nic,,
a13,1980-10-22 00:00:00+00:00,-74.3233,-37.3153,False,nic,,
a13,1980-10-23 00:00:00+00:00,-74.3144,-37.389,False,nic,,
a13,1980-10-24 00:00:00+00:00,-74.307,-37.4475,False,nic,,
a13,1980-10-25 00:00:00+00:00,-74.3019,-37.4861,False,nic,,
a13,1980-10-26 00:00:00+00:00,-74.3,-37.5,True,nic,55.56,18.52
a13,1980-10-27 00:00:00+00:00,-74.3,-37.5,False,nic,,
a13,1980-10-28 00:00:00+00:00,-74.3,-37.5,False,nic,,
a13,1980-10-29 00:00:00+00:00,-74.3,-37.5,False,nic,,
a13,1980-10-30 00:00:00+00:00,-74.3,-37.5,False,nic,,
a13,1980-10-31 00:00:00+00:00,-74.3,-37.5,False,nic,,
a13,1980-11-01 00:00:00+00:00,-74.3,-37.5,False,nic,,
a13,1980-11-02 00:00:00+00:00,-74.3,-37.5,True,nic,55.56,18.52
a13,1980-12-14 00:00:00+00:00,-73.8,-38.5,True,nic,55.56,18.52
a13,1981-01-25 00:00:00+00:00,-73.8,-38.5,True,nic,55.56,18.52
a15,1981-03-22 00:00:00+00:00,-72.6,-47.7,True,nic,55.56,22.224
a15,1981-04-12 00:00:00+00:00,-71.8,-49.4,True,nic,55.56,22.224
a15,1981-04-26 00:00:00+00:00,-71.0,-51.8,True,nic,55.56,22.224
a15,1981-04-27 00:00:00+00:00,-70.876,-51.9478,False,nic,,
a15,1981-04-28 00:00:00+00:00,-70.6979,-52.0982,False,nic,,
a15,1981-04-29 00:00:00+00:00,-70.4916,-52.2459,False,nic,,
a15,1981-04-30 00:00:00+00:00,-70.2829,-52.3854,False,nic,,
a15,1981-05-01 00:00:00+00:00,-70.0975,-52.5112,False,nic,,
a15,1981-05-02 00:00:00+00:00,-69.9613,-52.6178,False,nic,,
a15,1981-05-03 00:00:00+00:00,-69.9,-52.7,True,nic,55.56,22.224
a15,1981-05-17 00:00:00+00:00,-69.8,-53.3,True,nic,55.56,22.224
a15,1981-06-07 00:00:00+00:00,-68.5,-53.2,True,nic,55.56,22.224
a15,1981-07-05 00:00:00+00:00,-67.3,-54.0,True,nic,55.56,22.224
a15,1981-07-06 00:00:00+00:00,-67.2283,-53.9936,False,nic,,
a15,1981-07-07 00:00:00+00:00,-67.1401,-53.9758,False,nic,,
a15,1981-07-08 00:00:00+00:00,-67.0427,-53.9492,False,nic,,
a15,1981-07-09 00:00:00+00:00,-66.9429,-53.9159,False,nic,,
a15,1981-07-10 00:00:00+00:00,-66.8479,-53.8784,False,nic,,
a15,1981-07-11 00:00:00+00:00,-66.7646,-53.839,False,nic,,
a15,1981-07-12 00:00:00+00:00,-66.7,-53.8,True,nic,55.56,22.224
a15,1981-07-26 00:00:00+00:00,-66.2,-52.9,True,nic,55.56,22.224
a15,1981-07-27 00:00:00+00:00,-66.181,-52.9262,False,nic,,
a15,1981-07-28 00:00:00+00:00,-66.1632,-52.9997,False,nic,,
a15,1981-07-29 00:00:00+00:00,-66.1468,-53.1125,False,nic,,
a15,1981-07-30 00:00:00+00:00,-66.132,-53.2569,False,nic,,
a15,1981-07-31 00:00:00+00:00,-66.1192,-53.4248,False,nic,,
a15,1981-08-01 00:00:00+00:00,-66.1084,-53.6085,False,nic,,
a15,1981-08-02 00:00:00+00:00,-66.1,-53.8,True,nic,55.56,22.224
a16,1981-11-15 00:00:00+00:00,-59.7,-50.9,True,nic,64.82000000000001,27.78
a16,1981-12-06 00:00:00+00:00,-58.9,-46.6,True,nic,64.82000000000001,27.78
a16,1981-12-20 00:00:00+00:00,-58.7,-45.9,True,nic,64.82000000000001,27.78
a16,1982-01-03 00:00:00+00:00,-58.7,-44.8,True,nic,64.82000000000001,27.78
a16,1982-01-24 00:00:00+00:00,-58.5,-44.7,True,nic,64.82000000000001,27.78
a16,1982-01-25 00:00:00+00:00,-58.5055,-44.7443,False,nic,,
a16,1982-01-26 00:00:00+00:00,-58.5198,-44.8586,False,nic,,
a16,1982-01-27 00:00:00+00:00,-58.5394,-45.0149,False,nic,,
a16,1982-01-28 00:00:00+00:00,-58.5606,-45.1851,False,nic,,
a16,1982-01-29 00:00:00+00:00,-58.5802,-45.3414,False,nic,,
a16,1982-01-30 00:00:00+00:00,-58.5945,-45.4557,False,nic,,
a16,1982-01-31 00:00:00+00:00,-58.6,-45.5,True,nic,64.82000000000001,27.78
a16,1982-02-01 00:00:00+00:00,-58.575,-45.4918,False,nic,,
a16,1982-02-02 00:00:00+00:00,-58.5071,-45.4687,False,nic,,
a16,1982-02-03 00:00:00+00:00,-58.4071,-45.4327,False,nic,,
a16,1982-02-04 00:00:00+00:00,-58.2857,-45.3858,False,nic,,
a16,1982-02-05 00:00:00+00:00,-58.1536,-45.33,False,nic,,
a16,1982-02-06 00:00:00+00:00,-58.0214,-45.2674,False,nic,,
a16,1982-02-07 00:00:00+00:00,-57.9,-45.2,True,nic,64.82000000000001,27.78
a16,1982-02-08 00:00:00+00:00,-57.782,-45.104,False,nic,,
a16,1982-02-09 00:00:00+00:00,-57.655,-44.9619,False,nic,,
a16,1982-02-10 00:00:00+00:00,-57.5223,-44.7847,False,nic,,
a16,1982-02-11 00:00:00+00:00,-57.3872,-44.5838,False,nic,,
a16,1982-02-12 00:00:00+00:00,-57.253,-44.3702,False,nic,,
a16,1982-02-13 00:00:00+00:00,-57.1228,-44.1552,False,nic,,
a16,1982-02-14 00:00:00+00:00,-57.0,-43.95,True,nic,64.82000000000001,27.78
a16,1982-02-28 00:00:00+00:00,-55.5,-40.8,True,nic,64.82000000000001,27.78
a16,1982-03-28 00:00:00+00:00,-55.7,-40.1,True,nic,64.82000000000001,27.78
a16,1982-03-29 00:00:00+00:00,-55.7,-40.0668,False,nic,,
a16,1982-03-30 00:00:00+00:00,-55.7,-40.0328,False,nic,,
a16,1982-03-31 00:00:00+00:00,-55.7,-39.9965,False,nic,,
a16,1982-04-01 00:00:00+00:00,-55.7,-39.9566,False,nic,,
a16,1982-04-02 00:00:00+00:00,-55.7,-39.9115,False,nic,,
a16,1982-04-03 00:00:00+00:00,-55.7,-39.8598,False,nic,,
a16,1982-04-04 00:00:00+00:00,-55.7,-39.8,True,nic,64.82000000000001,27.78
a16,1982-04-05 00:00:00+00:00,-55.6723,-39.7125,False,nic,,
a16,1982-04-06 00:00:00+00:00,-55.6009,-39.588,False,nic,,
a16,1982-04-07 00:00:00+00:00,-55.5032,-39.4404,False,nic,,
a16,1982-04-08 00:00:00+00:00,-55.3968,-39.2838,False,nic,,
a16,1982-04-09 00:00:00+00:00,-55.2991,-39.1322,False,nic,,
a16,1982-04-10 00:00:00+00:00,-55.2277,-38.9996,False,nic,,
a16,1982-04-11 00:00:00+00:00,-55.2,-38.9,True,nic,64.82000000000001,27.78
a16,1982-05-16 00:00:00+00:00,-55.3,-37.2,True,nic,64.82000000000001,27.78
a19,1983-04-17 00:00:00+00:00,-77.9,-44.0,True,nic,31.484,22.224
a19,1983-04-18 00:00:00+00:00,-77.83,-44.2174,False,nic,,
a19,1983-04-19 00:00:00+00:00,-77.7634,-44.4259,False,nic,,
a19,1983-04-20 00:00:00+00:00,-77.7006,-44.6246,False,nic,,
a19,1983-04-21 00:00:00+00:00,-77.6423,-44.8124,False,nic,,
a19,1983-04-22 00:00:00+00:00,-77.589,-44.9883,False,nic,,
a19,1983-04-23 00:00:00+00:00,-77.5414,-45.1511,False,nic,,
a19,1983-04-24 00:00:00+00:00,-77.5,-45.3,True,nic,31.484,22.224
a19,1983-04-25 00:00:00+00:00,-77.4634,-45.4364,False,nic,,
a19,1983-04-26 00:00:00+00:00,-77.4296,-45.5633,False,nic,,
a19,1983-04-27 00:00:00+00:00,-77.3985,-45.682,False,nic,,
a19,1983-04-28 00:00:00+00:00,-77.3701,-45.7938,False,nic,,
a19,1983-04-29 00:00:00+00:00,-77.3443,-45.8999,False,nic,,
a19,1983-04-30 00:00:00+00:00,-77.3209,-46.0016,False,nic,,
a19,1983-05-01 00:00:00+00:00,-77.3,-46.1,True,nic,31.484,22.224
a19,1983-07-10 00:00:00+00:00,-76.4,-51.5,True,nic,31.484,22.224
a19,1983-07-11 00:00:00+00:00,-76.4055,-51.5,False,nic,,
a19,1983-07-12 00:00:00+00:00,-76.4198,-51.5,False,nic,,
a19,1983-07-13 00:00:00+00:00,-76.4394,-51.5,False,nic,,
a19,1983-07-14 00:00:00+00:00,-76.4606,-51.5,False,nic,,
a19,1983-07-15 00:00:00+00:00,-76.4802,-51.5,False,nic,,
a19,1983-07-16 00:00:00+00:00,-76.4945,-51.5,False,nic,,
a19,1983-07-17 00:00:00+00:00,-76.5,-51.5,True,nic,31.484,22.224
a19,1983-07-31 00:00:00+00:00,-76.4,-53.0,True,nic,31.484,22.224
a19,1983-08-21 00:00:00+00:00,-75.4,-56.8,True,nic,31.484,22.224
a19,1983-09-11 00:00:00+00:00,-75.3,-59.8,True,nic,31.484,22.224
a19,1984-01-29 00:00:00+00:00,-72.0,-59.5,True,nic,31.484,22.224
a19,1984-04-15 00:00:00+00:00,-69.2,-57.5,True,nic,31.484,22.224
a19,1984-06-10 00:00:00+00:00,-67.3,-58.7,True,nic,31.484,22.224
a20,1986-01-26 00:00:00+00:00,-68.4,-59.8,True,nic,96.304,96.304
a20,1986-02-23 00:00:00+00:00,-68.0,-59.2,True,nic,96.304,96.304
a20,1986-02-24 00:00:00+00:00,-67.9857,-59.1727,False,nic,,
a20,1986-02-25 00:00:00+00:00,-67.9714,-59.1424,False,nic,,
a20,1986-02-26 00:00:00+00:00,-67.9571,-59.1106,False,nic,,
a20,1986-02-27 00:00:00+00:00,-67.9429,-59.0789,False,nic,,
a20,1986-02-28 00:00:00+00:00,-67.9286,-59.0488,False,nic,,
a20,1986-03-01 00:00:00+00:00,-67.9143,-59.022,False,nic,,
a20,1986-03-02 00:00:00+00:00,-67.9,-59.0,True,nic,96.304,96.304
a20,1986-03-03 00:00:00+00:00,-67.8861,-58.9805,False,nic,,
a20,1986-03-04 00:00:00+00:00,-67.8726,-58.9607,False,nic,,
a20,1986-03-05 00:00:00+00:00,-67.8592,-58.942,False,nic,,
a20,1986-03-06 00:00:00+00:00,-67.8457,-58.9254,False,nic,,
a20,1986-03-07 00:00:00+00:00,-67.8315,-58.9121,False,nic,,
a20,1986-03-08 00:00:00+00:00,-67.8164,-58.9032,False,nic,,
a20,1986-03-09 00:00:00+00:00,-67.8,-58.9,True,nic,96.304,96.304
a20,1986-03-30 00:00:00+00:00,-67.3,-58.9,True,nic,96.304,96.304
a20,1986-03-31 00:00:00+00:00,-67.2625,-58.9,False,nic,,
a20,1986-04-01 00:00:00+00:00,-67.217,-58.9,False,nic,,
a20,1986-04-02 00:00:00+00:00,-67.1671,-58.9,False,nic,,
a20,1986-04-03 00:00:00+00:00,-67.1167,-58.9,False,nic,,
a20,1986-04-04 00:00:00+00:00,-67.0695,-58.9,False,nic,,
a20,1986-04-05 00:00:00+00:00,-67.0294,-58.9,False,nic,,
a20,1986-04-06 00:00:00+00:00,-67.0,-58.9,True,nic,96.304,96.304
a20,1986-04-20 00:00:00+00:00,-66.8,-58.9,True,nic,96.304,96.304
a20,1986-05-04 00:00:00+00:00,-66.5,-59.0,True,nic,96.304,96.304
a20,1986-05-18 00:00:00+00:00,-66.4,-59.0,True,nic,96.304,96.304
a20,1986-05-19 00:00:00+00:00,-66.3884,-59.0,False,nic,,
a20,1986-05-20 00:00:00+00:00,-66.3741,-59.0,False,nic,,
a20,1986-05-21 00:00:00+00:00,-66.3582,-59.0,False,nic,,
a20,1986-05-22 00:00:00+00:00,-66.3418,-59.0,False,nic,,
a20,1986-05-23 00:00:00+00:00,-66.3259,-59.0,False,nic,,
a20,1986-05-24 00:00:00+00:00,-66.3116,-59.0,False,nic,,
a20,1986-05-25 00:00:00+00:00,-66.3,-59.0,True,nic,96.304,96.304
a20,1986-06-08 00:00:00+00:00,-66.2,-59.0,True,nic,96.304,96.304
a20,1986-07-06 00:00:00+00:00,-65.5,-58.2,True,nic,96.304,96.304
a20,1986-07-27 00:00:00+00:00,-65.3,-57.5,True,nic,96.304,96.304
a20,1986-08-17 00:00:00+00:00,-65.3,-56.0,True,nic,96.304,96.304
a20a,1986-09-07 00:00:00+00:00,-64.7,-55.5,True,nic,83.34,55.56
a20a,1986-09-08 00:00:00+00:00,-64.6571,-55.4915,False,nic,,
a20a,1986-09-09 00:00:00+00:00,-64.6143,-55.4674,False,nic,,
a20a,1986-09-10 00:00:00+00:00,-64.5714,-55.4304,False,nic,,
a20a,1986-09-11 00:00:00+00:00,-64.5286,-55.3827,False,nic,,
a20a,1986-09-12 00:00:00+00:00,-64.4857,-55.3268,False,nic,,
a20a,1986-09-13 00:00:00+00:00,-64.4429,-55.2651,False,nic,,
a20a,1986-09-14 00:00:00+00:00,-64.4,-55.2,True,nic,83.34,55.56
a20a,1986-09-15 00:00:00+00:00,-64.3555,-55.1067,False,nic,,
a20a,1986-09-16 00:00:00+00:00,-64.3089,-54.9695,False,nic,,
a20a,1986-09-17 00:00:00+00:00,-64.2617,-54.8048,False,nic,,
a20a,1986-09-18 00:00:00+00:00,-64.2157,-54.6291,False,nic,,
a20a,1986-09-19 00:00:00+00:00,-64.1723,-54.4588,False,nic,,
a20a,1986-09-20 00:00:00+00:00,-64.1332,-54.3103,False,nic,,
a20a,1986-09-21 00:00:00+00:00,-64.1,-54.2,True,nic,83.34,55.56
a20a,1986-10-05 00:00:00+00:00,-63.8,-53.4,True,nic,83.34,55.56
a20a,1986-10-19 00:00:00+00:00,-63.5,-53.0,True,nic,83.34,55.56
a20a,1986-10-20 00:00:00+00:00,-63.4616,-53.0,False,nic,,
a20a,1986-10-21 00:00:00+00:00,-63.4102,-53.0,False,nic,,
a20a,1986-10-22 00:00:00+00:00,-63.3529,-53.0,False,nic,,
a20a,1986-10-23 00:00:00+00:00,-63.2963,-53.0,False,nic,,
a20a,1986-10-24 00:00:00+00:00,-63.2474,-53.0,False,nic,,
a20a,1986-10-25 00:00:00+00:00,-63.213,-53.0,False,nic,,
a20a,1986-10-26 00:00:00+00:00,-63.2,-53.0,True,nic,83.34,55.56
a20a,1986-10-27 00:00:00+00:00,-63.2055,-53.0,False,nic,,
a20a,1986-10-28 00:00:00+00:00,-63.2198,-53.0,False,nic,,
a20a,1986-10-29 00:00:00+00:00,-63.2394,-53.0,False,nic,,
a20a,1986-10-30 00:00:00+00:00,-63.2606,-53.0,False,nic,,
a20a,1986-10-31 00:00:00+00:00,-63.2802,-53.0,False,nic,,
a20a,1986-11-01 00:00:00+00:00,-63.2945,-53.0,False,nic,,
a20a,1986-11-02 00:00:00+00:00,-63.3,-53.0,True,nic,83.34,55.56
a20a,1986-11-03 00:00:00+00:00,-63.2689,-53.0166,False,nic,,
a20a,1986-11-04 00:00:00+00:00,-63.1869,-53.0595,False,nic,,
a20a,1986-11-05 00:00:00+00:00,-63.0706,-53.1181,False,nic,,
a20a,1986-11-06 00:00:00+00:00,-62.937,-53.1819,False,nic,,
a20a,1986-11-07 00:00:00+00:00,-62.8028,-53.2405,False,nic,,
a20a,1986-11-08 00:00:00+00:00,-62.6849,-53.2834,False,nic,,
a20a,1986-11-09 00:00:00+00:00,-62.6,-53.3,True,nic,83.34,55.56
a20a,1986-11-23 00:00:00+00:00,-62.0,-53.2,True,nic,83.34,55.56
a20a,1986-12-14 00:00:00+00:00,-61.2,-51.6,True,nic,83.34,55.56
a20a,1986-12-28 00:00:00+00:00,-61.2,-52.8,True,nic,83.34,55.56
a20a,1986-12-29 00:00:00+00:00,-61.2,-52.8541,False,nic,,
a20a,1986-12-30 00:00:00+00:00,-61.2,-52.9092,False,nic,,
a20a,1986-12-31 00:00:00+00:00,-61.2,-52.9624,False,nic,,
a20a,1987-01-01 00:00:00+00:00,-61.2,-53.0323,False,nic,,
a20a,1987-01-02 00:00:00+00:00,-61.2,-53.068,False,nic,,
a20a,1987-01-03 00:00:00+00:00,-61.2,-53.0915,False,nic,,
a20a,1987-01-04 00:00:00+00:00,-61.2,-53.1,True,nic,83.34,55.56
a20a,1987-01-18 00:00:00+00:00,-61.0,-53.0,True,nic,83.34,55.56
a20a,1987-01-19 00:00:00+00:00,-61.0,-52.9561,False,nic,,
a20a,1987-01-20 00:00:00+00:00,-61.0,-52.8662,False,nic,,
a20a,1987-01-21 00:00:00+00:00,-61.0,-52.7496,False,nic,,
a20a,1987-01-22 00:00:00+00:00,-61.0,-52.6255,False,nic,,
a20a,1987-01-23 00:00:00+00:00,-61.0,-52.513,False,nic,,
a20a,1987-01-24 00:00:00+00:00,-61.0,-52.4315,False,nic,,
a20a,1987-01-25 00:00:00+00:00,-61.0,-52.4,True,nic,83.34,55.56
a20a,1987-01-26 00:00:00+00:00,-60.9771,-52.4055,False,nic,,
a20a,1987-01-27 00:00:00+00:00,-60.9168,-52.4198,False,nic,,
a20a,1987-01-28 00:00:00+00:00,-60.8318,-52.4394,False,nic,,
a20a,1987-01-29 00:00:00+00:00,-60.735,-52.4606,False,nic,,
a20a,1987-01-30 00:00:00+00:00,-60.6389,-52.4802,False,nic,,
a20a,1987-01-31 00:00:00+00:00,-60.5563,-52.4945,False,nic,,
a20a,1987-02-01 00:00:00+00:00,-60.5,-52.5,True,nic,83.34,55.56
a20a,1987-02-22 00:00:00+00:00,-60.0,-52.2,True,nic,83.34,55.56
a20a,1987-02-23 00:00:00+00:00,-59.9365,-52.2,False,nic,,
a20a,1987-02-24 00:00:00+00:00,-59.8391,-52.2,False,nic,,
a20a,1987-02-25 00:00:00+00:00,-59.7235,-52.2,False,nic,,
a20a,1987-02-26 00:00:00+00:00,-59.6059,-52.2,False,nic,,
a20a,1987-02-27 00:00:00+00:00,-59.5022,-52.2,False,nic,,
a20a,1987-02-28 00:00:00+00:00,-59.4282,-52.2,False,nic,,
a20a,1987-03-01 00:00:00+00:00,-59.4,-52.2,True,nic,83.34,55.56
a20a,1987-03-02 00:00:00+00:00,-59.4055,-52.1945,False,nic,,
a20a,1987-03-03 00:00:00+00:00,-59.4198,-52.1802,False,nic,,
a20a,1987-03-04 00:00:00+00:00,-59.4394,-52.1606,False,nic,,
a20a,1987-03-05 00:00:00+00:00,-59.4606,-52.1394,False,nic,,
a20a,1987-03-06 00:00:00+00:00,-59.4802,-52.1198,False,nic,,
a20a,1987-03-07 00:00:00+00:00,-59.4945,-52.1055,False,nic,,
a20a,1987-03-08 00:00:00+00:00,-59.5,-52.1,True,nic,83.34,55.56
a20a,1987-04-05 00:00:00+00:00,-58.2,-52.2,True,nic,83.34,55.56
a20a,1987-06-07 00:00:00+00:00,-58.8,-46.2,True,nic,83.34,55.56
a20a,1987-07-12 00:00:00+00:00,-56.8,-43.5,True,nic,83.34,55.56
a20a,1987-07-26 00:00:00+00:00,-57.6,-40.8,True,nic,83.34,55.56
a20a,1987-08-09 00:00:00+00:00,-57.8,-39.8,True,nic,83.34,55.56
a20a,1987-08-10 00:00:00+00:00,-57.781,-39.6126,False,nic,,
a20a,1987-08-11 00:00:00+00:00,-57.73,-39.3214,False,nic,,
a20a,1987-08-12 00:00:00+00:00,-57.6557,-38.9747,False,nic,,
a20a,1987-08-13 00:00:00+00:00,-57.5668,-38.6208,False,nic,,
a20a,1987-08-14 00:00:00+00:00,-57.472,-38.3082,False,nic,,
a20a,1987-08-15 00:00:00+00:00,-57.3802,-38.0851,False,nic,,
a20a,1987-08-16 00:00:00+00:00,-57.3,-38.0,True,nic,83.34,55.56
a20a,1987-08-17 00:00:00+00:00,-57.2276,-38.0443,False,nic,,
a20a,1987-08-18 00:00:00+00:00,-57.1539,-38.1586,False,nic,,
a20a,1987-08-19 00:00:00+00:00,-57.0799,-38.3149,False,nic,,
a20a,1987-08-20 00:00:00+00:00,-57.0065,-38.4851,False,nic,,
a20a,1987-08-21 00:00:00+00:00,-56.9348,-38.6414,False,nic,,
a20a,1987-08-22 00:00:00+00:00,-56.8656,-38.7557,False,nic,,
a20a,1987-08-23 00:00:00+00:00,-56.8,-38.8,True,nic,83.34,55.56
a20a,1987-08-24 00:00:00+00:00,-56.734,-38.7876,False,nic,,
a20a,1987-08-25 00:00:00+00:00,-56.6652,-38.7545,False,nic,,
a20a,1987-08-26 00:00:00+00:00,-56.5972,-38.7071,False,nic,,
a20a,1987-08-27 00:00:00+00:00,-56.5332,-38.6517,False,nic,,
a20a,1987-08-28 00:00:00+00:00,-56.4767,-38.5945,False,nic,,
a20a,1987-08-29 00:00:00+00:00,-56.4312,-38.5418,False,nic,,
a20a,1987-08-30 00:00:00+00:00,-56.4,-38.5,True,nic,83.34,55.56
a20a,1987-08-31 00:00:00+00:00,-56.3777,-38.4637,False,nic,,
a20a,1987-09-01 00:00:00+00:00,-56.3569,-38.4254,False,nic,,
a20a,1987-09-02 00:00:00+00:00,-56.3383,-38.3877,False,nic,,
a20a,1987-09-03 00:00:00+00:00,-56.3226,-38.3535,False,nic,,
a20a,1987-09-04 00:00:00+00:00,-56.3105,-38.3257,False,nic,,
a20a,1987-09-05 00:00:00+00:00,-56.3027,-38.3069,False,nic,,
a20a,1987-09-06 00:00:00+00:00,-56.3,-38.3,True,nic,83.34,55.56
a20a,1987-09-07 00:00:00+00:00,-56.3055,-38.3076,False,nic,,
a20a,1987-09-08 00:00:00+00:00,-56.3198,-38.328,False,nic,,
a20a,1987-09-09 00:00:00+00:00,-56.3394,-38.3577,False,nic,,
a20a,1987-09-10 00:00:00+00:00,-56.3606,-38.3933,False,nic,,
a20a,1987-09-11 00:00:00+00:00,-56.3802,-38.4312,False,nic,,
a20a,1987-09-12 00:00:00+00:00,-56.3945,-38.4679,False,nic,,
a20a,1987-09-13 00:00:00+00:00,-56.4,-38.5,True,nic,83.34,55.56
a20a,1987-09-27 00:00:00+00:00,-56.2,-38.9,True,nic,83.34,55.56
a20a,1987-09-28 00:00:00+00:00,-56.1645,-38.8976,False,nic,,
a20a,1987-09-29 00:00:00+00:00,-56.1113,-38.8908,False,nic,,
a20a,1987-09-30 00:00:00+00:00,-56.0466,-38.8797,False,nic,,
a20a,1987-10-01 00:00:00+00:00,-55.9768,-38.8648,False,nic,,
a20a,1987-10-02 00:00:00+00:00,-55.9082,-38.8463,False,nic,,
a20a,1987-10-03 00:00:00+00:00,-55.8471,-38.8246,False,nic,,
a20a,1987-10-04 00:00:00+00:00,-55.8,-38.8,True,nic,83.34,55.56
a20a,1987-10-05 00:00:00+00:00,-55.7609,-38.7488,False,nic,,
a20a,1987-10-06 00:00:00+00:00,-55.7215,-38.653,False,nic,,
a20a,1987-10-07 00:00:00+00:00,-55.684,-38.5209,False,nic,,
a20a,1987-10-08 00:00:00+00:00,-55.6507,-38.3611,False,nic,,
